player,date,match_day,session_name,session_duration,distance_m,dist_over_time,HSR_abs_dist,HSR_rel_dist,hsr_rel_efforts,HSR_over_time,sprint_dist,sprint_count_85pct,sprint_count_95pct,max_speed,pct_max_velocity,profile_max_vel,player_load,pl_per_min,hmld_m,acc,decc,acc_plus_decc,acc_gt2,acc_gt3,decc_gt2,decc_gt3,hia,max_acc,max_dec,hr_exertion,energy,red_zone,RPE,TL
Jana Gutiérrez,2026-06-29,READAPTACION,READAPTACION JANA 29-06,16.116666666666667,1606339.97,99669.49141675283,19110,12740,1,1185.7290589451914,0,1,0,6.20764,77.01786600496277,8.06,151.10722,9.375835780765254,103.02000000000001,11,11,22,28,11,27,11,1,3.00036,0,0,125.3273,0,3,453.32166000000007
Jana Gutiérrez,2026-06-30,READAPTACION,READAPTACION JANA 30-6,33.0455,2862221.3200000003,86614.55629359522,4470,0,0,135.26803952126613,0,1,0,5.89503,73.1393300248139,8.06,289.79488,8.769571651208183,182.56,15,11,26,62,15,57,11,6,2.88142,-0.52201,0,207.4828,0,3,869.38464
Jana Gutiérrez,2026-07-02,READAPTACION,READAPTACION JANA 2-7,12.647333333333334,1294808.86,102378.0132834326,149690,91250,7,11835.69658953139,0,3,0,6.58813,81.73858560794044,8.06,128.84445,10.187479574086764,238.63,19,17,36,45,19,39,17,6,3.37708,-0.91101,0,107.5599,0,3,386.53335
Alondra Cabanillas,2026-07-03,PRETEMPORADA,SESION 1 PRETEMPORADA,47.551500000000004,4014551.1,84425.33043121667,0,0,0,0,0,0,0,4.8897,64.30152294810983,7.60433,375.17698,7.889908415086801,178.65,38,25,63,142,38,127,25,6,2.99375,-1.02881,0,315.0182,0,3,1125.53094
Arantza Segura,2026-07-03,PRETEMPORADA,SESION 1 PRETEMPORADA,47.551500000000004,5576375.28,117270.2286994101,8290.000000000002,8290.000000000002,2,174.33729745644197,0,1,0,5.89843,76.12684818072935,7.74816,526.04307,11.062596763509035,728.48001,80,74,154,196,80,194,74,12,3.4521,-1.21053,0,1305.176,0,3,1578.1292099999998
Aylin Aviléz,2026-07-03,PRETEMPORADA,SESION 1 PRETEMPORADA,47.551500000000004,3918621.8200000003,82407.95390261085,8320,5890,1,174.96819238089228,0,1,0,6.32972,79.57827932331583,7.95408,379.35889000000003,7.977853274870403,167.61,22,19,41,110,22,88,19,2,3.75557,-0.81389,0,307.8929,0,3,1138.0766700000001
Geyse Da Silva,2026-07-03,PRETEMPORADA,SESION 1 PRETEMPORADA,47.551500000000004,3469990.27,72973.30830783465,9780,0,0,205.67174537080848,0,2,0,6.06108,70.82992977867836,8.55723,342.67626,7.206423772120753,242.12,37,23,60,102,37,86,23,5,3.6706,-0.70368,0,274.9103,0,3,1028.02878
Giana Riley,2026-07-03,PRETEMPORADA,SESION 1 PRETEMPORADA,47.551500000000004,3425991.09,72048.01299643543,0,0,0,0,0,0,0,5.45385,63.13312844020768,8.63865,359.35775,7.557232684563052,181.09,34,23,57,112,34,99,23,12,3.22722,-0.73069,0,273.2758,0,3,1078.07325
Irene Guerrero,2026-07-03,PRETEMPORADA,SESION 1 PRETEMPORADA,47.551500000000004,4506167.220000001,94763.93426074888,0,0,0,0,0,0,0,5.71733,69.09051579854334,8.27513,490.16179,10.308019515682995,381.94001000000003,42,44,86,151,42,141,44,4,3.18219,-0.64419,0,360.80800000000005,0,3,1470.4853699999999
Jana Gutiérrez,2026-07-03,PRETEMPORADA,SESION 1 PRETEMPORADA,22.996,2087345.0699999998,90769.9195512263,0,0,0,0,0,0,0,5.16756,64.1136476426799,8.06,171.27427,7.448002696121065,117.49000000000001,24,7,31,49,24,47,7,2,2.53033,-0.84537,0,162.2621,0,3,513.82281
Karen Luna,2026-07-03,PRETEMPORADA,SESION 1 PRETEMPORADA,47.551500000000004,4276533.220000001,89934.77009137462,4860,4860,1,102.20497776095391,0,1,0,6.01004,77.73898758900796,7.73105,465.08203,9.780596406001912,263.65,32,29,61,140,32,125,29,4,3.42171,-1.42975,0,341.46909999999997,0,3,1395.2460899999999
Karina Rodríguez,2026-07-03,PRETEMPORADA,SESION 1 PRETEMPORADA,47.551500000000004,4365796.470000001,91811.96113687266,11550,11550,2,242.8945459133781,0,1,0,6.47852,84.25019701883838,7.68962,362.849,7.630653081395959,284.39,41,34,75,143,41,122,34,3,3.03623,-1.01901,0,346.4454,0,3,1088.547
Karol Bernal,2026-07-03,PRETEMPORADA,SESION 1 PRETEMPORADA,47.551500000000004,4227677.18,88907.33583588319,0,22720.000000000004,6,0,0,0,0,5.73513,81.74684850592668,7.01572,414.4262,8.71531287130795,286.81,40,27,67,135,40,117,27,7,3.61228,-1.05192,0,950.2959999999999,0,3,1243.2786
Sarah Luebbert,2026-07-03,PRETEMPORADA,SESION 1 PRETEMPORADA,47.551500000000004,5026871.18,105714.25044425516,0,0,0,0,0,0,0,5.75289,64.27494067330768,8.95044,495.56794,10.421709935543568,352.07001,49,35,84,153,49,152,35,2,3.44195,-1.45748,0,400.88509999999997,0,3,1486.7038200000002
Scarlett Camberos,2026-07-03,PRETEMPORADA,SESION 1 PRETEMPORADA,47.551500000000004,4207999.9799999995,88493.52764897005,10280,0,0,216.186660778314,0,1,0,6.68549,73.75570502969317,9.06437,384.34864,8.082786873179604,360.32999,59,38,97,148,59,138,38,3,3.28391,-0.90372,0,339.3782,0,3,1153.04592
Alondra Cabanillas,2026-07-04,PRETEMPORADA,SESION 2 PRETEMPORADA,40.60116666666667,3444675.88,84841.7955149072,0,0,0,0,0,0,0,5.41887,71.26032142213712,7.60433,382.04351,9.409668277184153,302.82,45,36,81,177,45,172,36,8,3.10753,-1.7711,0,282.8644,0,3,1146.1305300000001
Arantza Segura,2026-07-04,PRETEMPORADA,SESION 2 PRETEMPORADA,40.60116666666667,3659190.91,90125.26511963941,2100,2100,0,51.72265164794115,0,0,0,5.86402,75.6827427415025,7.74816,399.72555,9.845173989253182,575.98,82,69,151,204,82,197,69,9,3.33533,-1.54636,0,896.472,0,3,1199.1766499999999
Aylin Aviléz,2026-07-04,PRETEMPORADA,SESION 2 PRETEMPORADA,40.60116666666667,3319135.5100000002,81749.75702668642,0,0,0,0,0,0,0,5.66073,71.16762718001327,7.95408,348.40952,8.58126868275542,266.95,33,36,69,133,33,133,36,7,3.1463,-1.28511,0,270.8888,0,3,1045.22856
Geyse Da Silva,2026-07-04,PRETEMPORADA,SESION 2 PRETEMPORADA,40.60116666666667,2880737.0500000003,70952.0756792703,2040,0,0,50.244861600857114,0,0,0,5.91649,69.14024748662825,8.55723,280.10845,6.899024658568924,296.23,43,41,84,112,43,111,41,10,3.90428,-1.20884,0,237.0711,0,3,840.3253500000001
Giana Riley,2026-07-04,PRETEMPORADA,SESION 2 PRETEMPORADA,40.60116666666667,3106629.15,76515.76063085214,10360,0,0,255.1650814631763,0,2,0,5.99937,69.44800402840721,8.63865,318.29115,7.839458225748849,295.27,47,39,86,132,47,127,39,10,3.362,-1.92893,0,254.5501,0,3,954.87345
Irene Guerrero,2026-07-04,PRETEMPORADA,SESION 2 PRETEMPORADA,40.60116666666667,3488829.81,85929.29948646795,11130,0,0,274.13005373408805,0,2,0,6.15261,74.35061443143492,8.27513,377.69958,9.302678001863658,501.39000000000004,65,56,121,172,65,162,56,5,3.45833,-1.78605,0,296.6845,0,3,1133.0987400000001
Jana Gutiérrez,2026-07-04,READAPTACION,READAPTACION JANA 4-7,21.942999999999998,2418658.7399999998,110224.61559495055,185300,148170,11,8444.60648042656,0,7,0,7.39348,91.73052109181141,8.06,211.64046,9.645010253839494,393.18,21,15,36,41,21,35,15,1,3.6103,-1.20159,0,189.994,0,3,634.92138
Karen Luna,2026-07-04,PRETEMPORADA,SESION 2 PRETEMPORADA,40.60116666666667,3242723.54,79867.74288095169,0,0,0,0,0,0,0,5.58661,72.26198252501278,7.73105,395.41188999999997,9.738929259011439,341.57,46,40,86,141,46,128,40,7,3.21105,-1.50562,0,266.224,0,3,1186.23567
Karina Rodríguez,2026-07-04,PRETEMPORADA,SESION 2 PRETEMPORADA,40.60116666666667,3557430,87618.91078663584,15760,15760,3,388.1661857007393,0,1,0,6.71325,87.3027535821016,7.68962,403.26564,9.93236581871621,421.82,57,49,106,177,57,160,49,6,3.31342,-1.32444,0,295.2887,0,3,1209.79692
Karol Bernal,2026-07-04,PRETEMPORADA,SESION 2 PRETEMPORADA,40.60116666666667,3629540.69,89394.98511947521,0,7290,3,0,0,0,0,5.45533,77.75866197624762,7.01572,413.2055,10.17718292167302,409.55,57,39,96,163,57,145,39,7,3.10963,-1.09326,0,849.236,0,3,1239.6164999999999
Sarah Luebbert,2026-07-04,PRETEMPORADA,SESION 2 PRETEMPORADA,40.60116666666667,3759527.2199999997,92596.53179095837,5530,0,0,136.20298267291167,0,1,0,6.24807,69.80740611634735,8.95044,416.79345,10.265553534996942,383.7,60,43,103,164,60,163,43,6,3.53755,-1.98217,0,309.9145,0,3,1250.38035
Scarlett Camberos,2026-07-04,PRETEMPORADA,SESION 2 PRETEMPORADA,40.60116666666667,3508401.73,86411.35262944004,12330,3010,1,303.6858546757687,0,1,0,7.02551,77.50687582258888,9.06437,384.64646,9.473778503901775,486.38,74,64,138,172,74,175,64,42,3.53443,-2.0734,0,293.34409999999997,0,3,1153.93938
Alondra Cabanillas,2026-07-06,PRETEMPORADA,SESION 3 PRETEMPORADA,36.87233333333334,3931321.88,106619.8291401864,0,0,0,0,0,0,0,4.98481,65.55225772684774,7.60433,397.03263,10.76776526212065,205.66,30,31,61,115,30,121,31,4,2.93133,-1.29251,0,308.9926,0,3,1191.09789
Arantza Segura,2026-07-06,PRETEMPORADA,SESION 3 PRETEMPORADA,49.6475,5641779.97,113636.73840576061,3830,3830,1,77.14386424291253,0,1,0,5.97086,77.06165076611737,7.74816,560.83184,11.296275542575156,546.25,71,69,140,221,71,222,69,9,3.47498,-1.53096,0,1314.43,0,3,1682.4955200000002
Aylin Aviléz,2026-07-06,PRETEMPORADA,SESION 3 PRETEMPORADA,49.6475,4827401.109999999,97233.51850546351,0,0,0,0,0,0,0,5.44053,68.3992366181884,7.95408,473.71706,9.541609547308525,219,36,23,59,134,36,113,23,6,3.31223,-1.19014,0,378.3087,0,3,1421.15118
Geyse Da Silva,2026-07-06,PRETEMPORADA,SESION 3 PRETEMPORADA,49.6475,4460454.5200000005,89842.4798831764,2690,0,0,54.18198298000906,0,0,0,5.8812,68.72784767968139,8.55723,428.7394,8.63566946976182,319.07,39,31,70,126,39,118,31,6,3.54082,-1.09892,0,354.1118,0,3,1286.2182
Giana Riley,2026-07-06,PRETEMPORADA,SESION 3 PRETEMPORADA,49.6475,4022719.2600000002,81025.61579132888,12110,7560,1,243.91963341557982,0,1,0,6.73941,78.01462033998368,8.63865,416.60142,8.391186263155245,241.81,25,30,55,120,25,102,30,9,3.28103,-1.28012,0,320.7477,0,3,1249.80426
Irene Guerrero,2026-07-06,PRETEMPORADA,SESION 3 PRETEMPORADA,49.6475,5258339.61,105913.48224986152,9590,0,0,193.16179062389847,0,1,0,6.11142,73.85285790072179,8.27513,509.4702,10.261749332796212,526.64,61,58,119,171,61,175,58,11,3.60186,-1.20253,0,428.6324,0,3,1528.4106
Jana Gutiérrez,2026-07-06,PRETEMPORADA,SESION 3 PRETEMPORADA,36.87233333333334,3764562.63,102097.21733549092,0,0,0,0,0,0,0,4.93473,61.22493796526054,8.06,317.51428999999996,8.611179746331937,200.01,36,24,60,108,36,103,24,11,3.45261,-1.12464,0,295.9117,0,3,952.5428699999999
Karen Luna,2026-07-06,PRETEMPORADA,SESION 3 PRETEMPORADA,49.6475,4934310.91,99386.89581549927,0,0,0,0,0,0,0,5.69513,73.66567283874764,7.73105,586.75832,11.81848673145677,361.43,57,30,87,163,57,149,30,6,3.06601,-1.23628,0,394.3856,0,3,1760.2749600000002
Karina Rodríguez,2026-07-06,PRETEMPORADA,SESION 3 PRETEMPORADA,49.6475,5221645.24,105174.38420867114,8700,8700,2,175.23540963794753,0,1,0,5.93087,77.12825861355958,7.68962,433.62118,8.733998287929905,426.82,50,42,92,180,50,163,42,8,2.8109,-1.17965,0,416.9669,0,3,1300.8635399999998
Karol Bernal,2026-07-06,PRETEMPORADA,SESION 3 PRETEMPORADA,49.6475,5199483.890000001,104728.01027242058,15760.000000000002,33440.00000000001,10,317.4379374590866,0,2,0,6.30029,89.80247216251504,7.01572,579.34669,11.669201671786091,442.34999999999997,46,40,86,174,46,146,40,12,3.40138,-1.25114,0,1181.7,0,3,1738.04007
Sarah Luebbert,2026-07-06,PRETEMPORADA,SESION 3 PRETEMPORADA,49.6475,5546836.38,111724.38451080114,0,0,0,0,0,0,0,5.74796,64.2198595823222,8.95044,537.27986,10.821891535324035,355.01,66,35,101,176,66,177,35,11,3.7454,-1.39642,0,439.9325,0,3,1611.8395799999998
Scarlett Camberos,2026-07-06,PRETEMPORADA,SESION 3 PRETEMPORADA,49.6475,5036786.5600000005,101450.96047132283,13700,1060,0,275.9454151769978,0,2,0,6.86158,75.69836624056609,9.06437,491.56323,9.901067123218692,640.14,67,44,111,176,67,175,44,46,3.63006,-1.42118,0,401.78880000000004,0,3,1474.68969
Alexa Soto,2026-07-07,PRETEMPORADA,SESION 4 PRETEMPORADA,43.468333333333334,4160724.37,95718.51623787431,0,0,0,0,0,0,0,5.21273,68.99179149714514,7.55558,422.34731,9.716206663854914,228.29999999999998,38,33,71,113,38,110,33,3,3.10811,-0.72781,0,327.229,0,3,1267.0419299999999
Alondra Cabanillas,2026-07-07,PRETEMPORADA,SESION 4 PRETEMPORADA,49.4555,4459084.9399999995,90163.58018825004,0,0,0,0,0,0,0,5.62018,73.9076289429838,7.60433,460.52971,9.312001900698608,367.24,61,50,111,202,61,206,50,9,3.20793,-2.13324,0,363.4456,0,3,1381.58913
Arantza Segura,2026-07-07,PRETEMPORADA,SESION 4 PRETEMPORADA,49.4555,4643495.17,93892.39154391321,2360,2360,1,47.719667175541645,0,0,0,5.94514,76.72970098707306,7.74816,458.28466,9.266606545278078,500.17,74,61,135,245,74,239,61,11,3.35093,-2.16511,0,1105.98,0,3,1374.8539799999999
Aylin Aviléz,2026-07-07,PRETEMPORADA,SESION 4 PRETEMPORADA,49.4555,4216704.4,85262.59768883137,28760,16880,4,581.5328932070245,0,3,0,6.63759,83.44887152253938,7.95408,414.10463,8.373277592987636,325.33,36,36,72,142,36,134,36,13,3.77844,-2.33413,0,340.5836,0,3,1242.31389
Geyse Da Silva,2026-07-07,PRETEMPORADA,SESION 4 PRETEMPORADA,49.4555,3075125.0799999996,62179.6378562546,25689.999999999996,9360,1,519.4568854829088,0,4,0,6.87964,80.39564204771871,8.55723,327.46970999999996,6.621502360708111,255.32999999999998,29,42,71,107,29,105,42,16,3.46996,-1.66821,0,252.6895,0,3,982.4091299999999
Giana Riley,2026-07-07,PRETEMPORADA,SESION 4 PRETEMPORADA,49.4555,3951497.96,79900.07097289483,19980,11690,2,403.99955515564494,0,1,0,6.98256,80.82929624420483,8.63865,367.85619,7.438124981043565,387.52,53,49,102,156,53,157,49,14,3.71009,-2.09869,0,323.8249,0,3,1103.5685700000001
Irene Guerrero,2026-07-07,PRETEMPORADA,SESION 4 PRETEMPORADA,49.4555,4511445.47,91222.3204699174,0,0,0,0,0,0,0,5.72693,69.20652606061778,8.27513,453.44387,9.16872481321592,350.74,38,52,90,190,38,193,52,3,3.52066,-1.7216,0,367.3817,0,3,1360.33161
Isa Haas,2026-07-07,PRETEMPORADA,SESION 4 PRETEMPORADA,43.468333333333334,3851735.1,88610.13994862161,0,0,0,0,0,0,0,5.61717,70.52599727798228,7.96468,354.03959,8.144770292550131,206.35999999999999,30,20,50,88,30,89,20,3,3.23999,-1.25004,0,296.6901,0,3,1062.11877
Jana Gutiérrez,2026-07-07,PRETEMPORADA,SESION 4 PRETEMPORADA,42.67816666666667,4011401.5300000003,93991.88960787913,0,0,0,0,0,0,0,4.96286,61.57394540942928,8.06,356.97154,8.364266037669534,176.25,31,35,66,157,31,155,35,4,2.85092,-1.12008,0,319.452,0,3,1070.91462
Karen Luna,2026-07-07,PRETEMPORADA,SESION 4 PRETEMPORADA,49.4555,4547416.199999999,91949.65575112979,5950,5950,1,120.31017783664102,0,1,0,6.04528,78.19481183021712,7.73105,500.17938,10.113726076978294,375.28,54,51,105,173,54,174,51,42,4.03811,-2.70592,0,360.1689,0,3,1500.5381399999999
Karina Rodríguez,2026-07-07,PRETEMPORADA,SESION 4 PRETEMPORADA,49.4555,4313843.68,87226.77315970922,0,0,0,0,0,0,0,5.25812,68.3794517804521,7.68962,363.09005,7.341752686758803,354.21,43,44,87,192,43,184,44,13,3.29353,-1.62189,0,350.847,0,3,1089.27015
Karol Bernal,2026-07-07,PRETEMPORADA,SESION 4 PRETEMPORADA,49.4555,4333651.16,87627.28432631356,43660,80940,17,882.8138427475205,0,4,0,6.87504,97.99478884562099,7.01572,479.46828999999997,9.694943737299187,478.97,55,47,102,168,55,153,47,12,3.50454,-1.91366,0,1005.508,0,3,1438.4048699999998
Kim Rodríguez,2026-07-07,PRETEMPORADA,SESION 4 PRETEMPORADA,43.468333333333334,3534127.4699999997,81303.49610827805,0,0,0,0,0,0,0,4.99623,65.95143367803558,7.57562,407.17833,9.36724044323454,161.36,28,16,44,93,28,90,16,7,2.76593,-1.33235,0,275.5746,0,3,1221.53499
Montse Saldivar,2026-07-07,PRETEMPORADA,SESION 4 PRETEMPORADA,43.468333333333334,4054954.0700000003,93285.24374065413,0,0,0,0,0,0,0,5.64595,71.95693761000422,7.84629,343.99154,7.913612361489206,327.5,41,39,80,118,41,109,39,15,3.34787,-1.9303,0,324.9953,0,3,1031.97462
Nancy Antonio,2026-07-07,PRETEMPORADA,SESION 4 PRETEMPORADA,43.468333333333334,4676375.7700000005,107581.20708561789,18660,0,0,429.2780184808865,0,2,0,6.07753,74.27264494856853,8.18273,339.8668,7.818721674782409,453.35999,58,55,113,151,58,148,55,4,3.20799,-1.87812,0,378.44800000000004,0,3,1019.6004
Priscila Da silva,2026-07-07,PRETEMPORADA,SESION 4 PRETEMPORADA,43.468333333333334,4256743.9,97927.46980560562,8260,1610,0,190.02338867374718,0,2,0,6.18968,76.50486924901459,8.09057,400.95456,9.224061040604271,331.67,37,40,77,112,37,101,40,5,3.63608,-1.07247,0,963.366,0,3,1202.86368
Sarah Luebbert,2026-07-07,PRETEMPORADA,SESION 4 PRETEMPORADA,49.4555,4893959.0600000005,98956.82098047741,18140,0,0,366.79439091708707,0,2,0,6.53044,72.96222308623933,8.95044,479.6653,9.698927318498448,462.55,64,37,101,201,64,191,37,9,3.56091,-2.33917,0,394.8707,0,3,1438.9959
Scarlett Camberos,2026-07-07,PRETEMPORADA,SESION 4 PRETEMPORADA,49.4555,4034564.06,81579.68395830595,91170,5360,1,1843.4754476246321,0,8,0,6.96357,76.82354096313368,9.06437,393.83697,7.963461495688043,558.11,71,64,135,165,71,167,64,59,4.15425,-2.5202,0,336.0364,0,3,1181.51091
Sofia Ramos,2026-07-07,PRETEMPORADA,SESION 4 PRETEMPORADA,43.468333333333334,3892185.3299999996,89540.70771826233,14670.000000000002,0,0,337.48705954526287,0,2,0,6.22444,73.97849973555508,8.41385,342.79893,7.886176066868601,338.70001,52,51,103,122,52,122,51,5,3.46587,-1.40128,0,315.5768,0,3,1028.39679
Xcaret Pineda,2026-07-07,PRETEMPORADA,SESION 4 PRETEMPORADA,43.468333333333334,4511092.13,103778.81515279322,0,0,0,0,0,0,0,5.51635,71.1660375313815,7.75138,541.11847,12.4485672328515,390.47,56,34,90,140,56,143,34,5,3.39437,-0.96366,0,363.2545,0,3,1623.3554100000001
Alexa Soto,2026-07-08,PRETEMPORADA,SESION 6 PRETEMPORADA | SESION 5 PRETEMPORADA,103.78033333333333,9131555.379999999,87989.2662386258,0,510,0,0,0,0,0,5.7002,75.44357944724295,7.55558,991.59496,9.554748266370314,687.97,66,60,126,281,66,256,60,6,3.14765,-0.84446,0,722.3034,0,3,2974.78488
Alondra Cabanillas,2026-07-08,PRETEMPORADA,SESION 6 PRETEMPORADA,66.31966666666666,4995351.39,75322.32354404677,11610,16450.000000000004,3,175.06119351223117,0,2,0,5.96764,78.47686778453856,7.60433,508.90188,7.673468604084259,382.64999,43,38,81,177,43,148,38,12,3.37742,0,0,397.4383,0,3,1526.7056400000001
Alondra Cabanillas Soto,2026-07-08,PRETEMPORADA,SESION 5 PRETEMPORADA,43.66833333333333,4353987.390000001,99705.82931949165,0,0,0,0,0,0,0,5.43853,54.3853,10,439.10371,10.055426357772605,251.65,27,15,42,313,27,339,15,0,2.9057,-0.80836,0,0,0,3,1317.31113
Arantza Segura,2026-07-08,PRETEMPORADA,SESION 6 PRETEMPORADA | SESION 5 PRETEMPORADA,109.988,9575955.56,87063.63930610612,99800,99779.99999999999,11,907.3717132778121,0,8,0,6.63725,85.66227336554742,7.74816,932.45767,8.477812761392151,1193.6,104,99,203,325,104,315,99,22,3.38695,-1.38388,0,2214.364,0,3,2797.3730100000002
Aylin Aviléz,2026-07-08,PRETEMPORADA,SESION 6 PRETEMPORADA | SESION 5 PRETEMPORADA,109.988,9073336.86,82493.87987780485,7370,1640,1,67.00730988835146,0,1,0,6.04548,76.00476736467323,7.95408,917.51762,8.341979306833473,570.85,60,53,113,230,60,188,53,15,3.91625,-0.6246,0,707.7805,0,3,2752.55286
Bruna Villamala,2026-07-08,READAPTACION,READAPTACION BRUNA,30.845166666666668,2919876.23,94662.35866235121,0,0,0,0,0,0,0,4.26107,57.349528936742935,7.43,258.35765000000004,8.375952472294419,49.599999999999994,3,5,8,72,3,65,5,2,2.54972,-1.35924,0,643.796,0,3,775.0729500000001
Geyse Da Silva,2026-07-08,PRETEMPORADA,SESION 6 PRETEMPORADA | SESION 5 PRETEMPORADA,109.988,8769251.290000001,79729.16399970907,42430,13710,2,385.7693566570899,0,4,0,7.0108,81.92838102984258,8.55723,858.79114,7.80804396843292,731.54,79,69,148,240,79,229,69,21,3.8434,-0.8756,0,694.6429,0,3,2576.37342
Giana Riley,2026-07-08,PRETEMPORADA,SESION 6 PRETEMPORADA | SESION 5 PRETEMPORADA,109.988,9219205.33,83820.10155653344,33430,0,0,303.9422482452631,0,3,0,6.30936,73.03641193936552,8.63865,881.96822,8.018767683747317,709.73,86,72,158,266,86,225,72,18,3.75525,-1.29918,0,730.9253,0,3,2645.90466
Irene Guerrero,2026-07-08,PRETEMPORADA,SESION 6 PRETEMPORADA | SESION 5 PRETEMPORADA,109.988,9814774.209999999,89234.95481325235,40880,0,0,371.67691020838635,0,3,0,6.15189,74.34191366177933,8.27513,1015.96327,9.237037404080445,1134.10999,109,97,206,321,109,292,97,19,3.44199,-0.635,0,789.2801,0,3,3047.8898099999997
Isa Haas,2026-07-08,PRETEMPORADA,SESION 6 PRETEMPORADA | SESION 5 PRETEMPORADA,103.78033333333333,8678008.65,83619.00922140034,16800,6070,2,161.88038196061552,0,2,0,6.10318,76.62806289769331,7.96468,890.7552000000001,8.583082857702648,640.71,74,49,123,226,74,212,49,3,3.60343,-1.2418,0,678.86,0,3,2672.2656
Jana Gutiérrez,2026-07-08,PRETEMPORADA,SESION 6 PRETEMPORADA | SESION 5 PRETEMPORADA,103.36033333333333,9326889.74,90236.6453281562,0,0,0,0,0,0,0,5.69511,70.65893300248138,8.06,827.34478,8.004470896314189,502.99,59,54,113,250,59,218,54,2,3.43836,-0.81407,0,725.3799,0,3,2482.03434
Karen Luna,2026-07-08,PRETEMPORADA,SESION 6 PRETEMPORADA | SESION 5 PRETEMPORADA,109.988,9441411.329999998,85840.37649561769,64780,64769.99999999999,11,588.9733425464597,0,5,0,6.79238,87.8584409620944,7.73105,1053.00008,9.573772411535804,958.2,96,64,160,256,96,232,64,16,3.93494,-1.07189,0,747.4075,0,3,3159.0002400000003
Karina Rodríguez,2026-07-08,PRETEMPORADA,SESION 6 PRETEMPORADA | SESION 5 PRETEMPORADA,109.988,8505089.93,77327.43508382732,9250,9260,2,84.1000836454886,0,1,0,6.65043,86.4858081413646,7.68962,818.22051,7.439179819616686,627.6899999999999,82,56,138,250,82,202,56,8,3.15614,-1.24077,0,669.9896,0,3,2454.66153
Karol Bernal,2026-07-08,PRETEMPORADA,SESION 6 PRETEMPORADA | SESION 5 PRETEMPORADA,109.988,9499752.82,86370.81154307743,60020,198560,44,545.6958940975379,0,6,0,7.01572,100,7.01572,1036.37628,9.422630468778411,866.43,58,66,124,268,58,235,66,26,3.13595,-0.85712,0,2137.3140000000003,0,3,3109.12884
Kim Rodríguez,2026-07-08,PRETEMPORADA,SESION 6 PRETEMPORADA | SESION 5 PRETEMPORADA,103.78033333333333,8149738.66,78528.73852142827,0,850,0,0,0,0,0,5.7085,75.35356842080252,7.57562,957.02869,9.221676778837352,520.98,55,39,94,260,55,224,39,11,3.34029,-1.12262,0,642.0582,0,3,2871.08607
Montse Saldivar,2026-07-08,PRETEMPORADA,SESION 6 PRETEMPORADA | SESION 5 PRETEMPORADA,103.78033333333333,8763465.45,84442.44847289627,31320,22839.999999999996,4,301.79128351229036,0,5,0,6.37195,81.2097182235171,7.84629,821.2286,7.913142824106045,885.29002,100,87,187,294,100,241,87,20,3.30051,-0.73061,0,703.4552,0,3,2463.6858
Nancy Antonio,2026-07-08,PRETEMPORADA,SESION 6 PRETEMPORADA | SESION 5 PRETEMPORADA,103.78033333333333,9247520.17,89106.67245881526,33410,21400,3,321.9299738871527,0,3,0,7.39315,90.35065314387742,8.18273,718.28378,6.9211936108639724,864.45001,91,89,180,332,91,289,89,14,3.48512,-0.73464,0,747.8415,0,3,2154.85134
Priscila Da silva,2026-07-08,PRETEMPORADA,SESION 6 PRETEMPORADA | SESION 5 PRETEMPORADA,103.78033333333333,9408161.770000001,90654.57267112267,99340,55870.00000000001,7,957.214115712354,0,8,0,6.63747,82.03958435561401,8.09057,929.43312,8.955773123359918,1038.75001,98,76,174,292,98,256,76,13,3.75879,-1.47659,0,2167.168,0,3,2788.29936
Sarah Luebbert,2026-07-08,PRETEMPORADA,SESION 6 PRETEMPORADA | SESION 5 PRETEMPORADA,109.988,10190523.34,92651.22867949231,151000,27060,3,1372.8770411317598,0,12,0,7.5336,84.17016370144931,8.95044,1000.99929,9.1009863803324,1146.01,109,81,190,290,109,273,81,18,4.10741,-1.05525,0,820.281,0,3,3002.99787
Scarlett Camberos,2026-07-08,PRETEMPORADA,SESION 6 PRETEMPORADA | SESION 5 PRETEMPORADA,109.988,9268617.969999999,84269.35638433283,23910,0,0,217.38735134741972,0,4,0,6.42019,70.82886069302113,9.06437,946.0531,8.601421064116085,1124.67999,118,82,200,288,118,269,82,83,4.11589,-1.15703,0,741.2552,0,3,2838.1593
Sofia Ramos,2026-07-08,PRETEMPORADA,SESION 6 PRETEMPORADA | SESION 5 PRETEMPORADA,103.78033333333333,8586636.43,82738.57053841287,42160,30580,6,406.2426728249733,0,3,0,7.50559,89.20517955513824,8.41385,885.73917,8.534749711730868,871.1899999999999,104,85,189,271,104,268,85,17,3.48754,-1.43402,0,692.6059,0,3,2657.21751
Xcaret Pineda,2026-07-08,PRETEMPORADA,SESION 6 PRETEMPORADA | SESION 5 PRETEMPORADA,103.78033333333333,9567727.85,92192.10945554874,1700,1700,0,16.380752936490858,0,0,0,5.81766,75.053216330511475,7.75138,960.86752,9.258666735187463,850.14,104,91,195,317,104,307,91,36,3.63896,-1.15901,0,772.0244,0,3,2882.6025600000003
Alexa Soto,2026-07-09,PRETEMPORADA,SESIÓN 8 PRETEMPORADA | SESIÓN 7 PRETEMPORADA,110.97216666666667,6960987.4,62727.32712256677,0,3330,1,0,0,0,0,5.79711,76.72620765050466,7.55558,791.07862,7.128621921713102,650.59999,105,88,193,230,105,224,88,14,3.6562,-0.76143,0,567.4641,0,3,2373.23586
Alondra Cabanillas,2026-07-09,PRETEMPORADA,SESIÓN 8 PRETEMPORADA | SESIÓN 7 PRETEMPORADA,110.97216666666667,6462668.24,58236.83932757914,0,590,0,0,0,0,0,5.71133,75.10628812794816,7.60433,715.1812199999999,6.444690064926189,566,93,84,177,231,93,198,84,7,3.59049,-0.29037,0,525.4816,0,3,2145.54366
Arantza Segura,2026-07-09,PRETEMPORADA,SESIÓN 8 PRETEMPORADA | SESIÓN 7 PRETEMPORADA,110.97216666666667,6756539.33,60884.99065080884,0,0,0,0,0,0,0,5.62229,72.56290525750629,7.74816,690.06721,6.21838097540975,676.85,107,97,204,234,107,208,97,13,3.75393,-0.07776,0,1592.856,0,3,2070.20163
Aylin Aviléz,2026-07-09,PRETEMPORADA,SESIÓN 8 PRETEMPORADA | SESIÓN 7 PRETEMPORADA,110.97216666666667,6354849.15,57265.25254831167,7800.000000000001,0,0,70.2878950127134,0,0,0,5.87652,73.88057449761631,7.95408,711.99816,6.416006656323733,597.0600000000001,92,69,161,213,92,188,69,8,3.7052,-0.12528,0,514.7247,0,3,2135.99448
Bruna Villamala,2026-07-09,READAPTACION,READAPTACIÓN BRUNA,14.264166666666666,1361799.02,95469.93188058656,81920,123350,9,5743.06245253257,0,3,0,6.55567,88.23243606998655,7.43,123.19681,8.636803879184436,156.24001,5,0,5,8,5,7,0,1,2.86158,-0.88318,0,279.318,0,3,369.59042999999997
Geyse Da Silva,2026-07-09,PRETEMPORADA,SESIÓN 8 PRETEMPORADA | SESIÓN 7 PRETEMPORADA,110.97216666666667,6014282.01,54196.310576375756,138879.99000000002,37160,1,1251.4848918572677,0,2,0,6.78088,79.24153026154491,8.55723,613.44887,5.527952534644574,634.05,87,76,163,188,87,173,76,22,4.10468,0,0,488.76239999999996,0,3,1840.34661
Giana Riley,2026-07-09,PRETEMPORADA,SESIÓN 8 PRETEMPORADA | SESIÓN 7 PRETEMPORADA,110.97216666666667,6573696.350000001,59237.34344798171,186420,14480,1,1679.8806908038503,0,4,0,6.64628,76.93655837428301,8.63865,711.74939,6.413764923036257,806.02,95,78,173,210,95,197,78,18,3.91001,-0.75995,0,536.9945,0,3,2135.24817
Irene Guerrero,2026-07-09,PRETEMPORADA,SESIÓN 8 PRETEMPORADA | SESIÓN 7 PRETEMPORADA,110.97216666666667,6449366.340000001,58116.972333903555,15130,0,0,136.34049378748125,0,1,0,5.99882,72.4921542018071,8.27513,709.00733,6.389055483882595,656.52,103,90,193,221,103,203,90,11,3.65849,-0.12847,0,528.003,0,3,2127.02199
Isa Haas,2026-07-09,PRETEMPORADA,SESIÓN 8 PRETEMPORADA | SESIÓN 7 PRETEMPORADA,110.97216666666667,6728548.47,60632.7574932453,0,0,0,0,0,0,0,5.70739,71.65874837407152,7.96468,730.54268,6.583116306941831,527.46,84,69,153,204,84,184,69,23,3.6774,-0.07296,0,534.4024000000001,0,3,2191.62804
Jana Gutiérrez,2026-07-09,PRETEMPORADA,SESIÓN 8 PRETEMPORADA | SESIÓN 7 PRETEMPORADA,91.356,4927557.109999999,53937.9691536407,0,0,0,0,0,0,0,5.29547,65.70062034739453,8.06,556.86033,6.095498161040326,402.98999000000003,67,66,133,163,67,147,66,6,3.44639,0,0,396.2266,0,3,1670.58099
Karen Luna,2026-07-09,PRETEMPORADA,SESIÓN 8 PRETEMPORADA | SESIÓN 7 PRETEMPORADA,104.38799999999999,6071991.2299999995,58167.52145840518,21970,21970,2,210.46480438364566,0,2,0,6.02022,77.87066439875568,7.73105,765.9988,7.3379967046020615,651.99002,95,67,162,197,95,177,67,9,3.81838,-0.50221,0,490.9268,0,3,2297.9964
Karina Rodríguez,2026-07-09,PRETEMPORADA,SESIÓN 8 PRETEMPORADA | SESIÓN 7 PRETEMPORADA,110.97216666666667,6161497.09,55522.905202956295,0,0,0,0,0,0,0,5.30633,69.00640083645226,7.68962,590.09573,5.317511117652625,526.65,97,80,177,193,97,184,80,15,3.60666,-0.17518,0,498.4147,0,3,1770.28719
Karol Bernal,2026-07-09,PRETEMPORADA,SESIÓN 8 PRETEMPORADA | SESIÓN 7 PRETEMPORADA,110.97216666666667,6933695.649999999,62481.39383298815,55480,174540,17,499.94518144940247,0,1,0,6.25078,89.096771250848093,7.01572,766.61382,6.908163037878868,780.4100099999999,96,84,180,229,96,210,84,16,3.54505,0,0,1603.628,0,3,2299.84146
Kim Rodríguez,2026-07-09,PRETEMPORADA,SESIÓN 8 PRETEMPORADA | SESIÓN 7 PRETEMPORADA,110.97216666666667,6333306,57071.12143735742,0,0,0,0,0,0,0,5.63643,74.40222714444495,7.57562,836.86954,7.5412562008792,589.2,104,95,199,226,104,222,95,6,3.72603,-0.04487,0,522.3407,0,3,2510.60862
Montse Saldivar,2026-07-09,PRETEMPORADA,SESIÓN 8 PRETEMPORADA | SESIÓN 7 PRETEMPORADA,110.97216666666667,6919168.329999999,62350.48425055531,0,0,0,0,0,0,0,5.42676,69.16338804708977,7.84629,715.77218,6.450015364212949,780.98,131,111,242,249,131,235,111,23,3.69017,0,0,575.8382,0,3,2147.3165400000003
Nancy Antonio,2026-07-09,PRETEMPORADA,SESIÓN 8 PRETEMPORADA | SESIÓN 7 PRETEMPORADA,110.97216666666667,6850560.720000001,61732.24264943312,470,0,0,4.235296237945551,0,0,0,5.81071,71.01187500992945,8.18273,653.96005,5.893009658578052,707.12,110,116,226,267,110,253,116,8,3.85294,-0.09833,0,563.6043,0,3,1961.88015
Priscila Da silva,2026-07-09,PRETEMPORADA,SESIÓN 8 PRETEMPORADA | SESIÓN 7 PRETEMPORADA,110.97216666666667,7418966.54,66854.30016235303,59530,6100,1,536.4408192444652,0,1,0,6.1804500000000004,76.39078581607973,8.09057,790.80012,7.1261122834104045,771.6899999999999,113,98,211,259,113,245,98,21,4.17448,-1.32539,0,1742.826,0,3,2372.40036
Sarah Luebbert,2026-07-09,PRETEMPORADA,SESIÓN 8 PRETEMPORADA | SESIÓN 7 PRETEMPORADA,110.97216666666667,6934978.27,62492.95186630882,0,0,0,0,0,0,0,5.73549,64.08053682277072,8.95044,748.00767,6.740498022777483,726.6,114,103,217,251,114,247,103,18,4.17651,-0.39203,0,573.2111,0,3,2244.02301
Scarlett Camberos,2026-07-09,PRETEMPORADA,SESIÓN 8 PRETEMPORADA | SESIÓN 7 PRETEMPORADA,104.38799999999999,6918807.6,66279.72180710427,28560.000000000004,0,0,273.5946660535694,0,5,0,6.5231,71.96418504540306,9.06437,748.17054,7.167208299804575,947.58,111,102,213,234,111,221,102,80,4.26905,-1.17781,0,558.7813,0,3,2244.5116199999998
Sofia Ramos,2026-07-09,PRETEMPORADA,SESIÓN 8 PRETEMPORADA | SESIÓN 7 PRETEMPORADA,110.97216666666667,6887255.3,62062.90736566076,490,0,0,4.415521609773021,0,0,0,5.81172,69.07325421774812,8.41385,674.68726,6.079788115037855,775.17,119,113,232,266,119,261,113,21,3.96009,0,0,574.1911,0,3,2024.06178
Xcaret Pineda,2026-07-09,PRETEMPORADA,SESIÓN 8 PRETEMPORADA | SESIÓN 7 PRETEMPORADA,110.97216666666667,7247828.37,65312.12814624688,2160,2160,0,19.464340157366788,0,0,0,5.85064,75.47868895603106,7.75138,730.86411,6.586012799005156,728.02,114,106,220,283,114,259,106,22,3.69579,-0.58203,0,595.3437,0,3,2192.59233
Alexa Soto,2026-07-10,PRETEMPORADA,SESIÓN 9 PRETEMPORADA,54.2985,3590172.0500000003,66119.17548366898,220329.99999999997,250750,42,4057.7548182730643,0,22,0,6.38937,84.56491758409017,7.55558,358.62462,6.604687422304484,719.26001,54,51,105,83,54,78,51,7,3.29859,-1.05219,0,292.8653,0,3,1075.87386
Alondra Cabanillas,2026-07-10,PRETEMPORADA,SESIÓN 10 PRETEMPORADA  | SESIÓN 9 PRETEMPORADA,104.01700000000001,7025829.359999999,67545.01052712536,89480,139960,20,860.2439985771556,0,11,0,6.53662,85.95918378081961,7.60433,753.37355,7.242792524298912,860.34999,81,88,169,241,81,198,88,6,3.712,-1.19675,0,569.3786,0,3,2260.12065
Arantza Segura,2026-07-10,PRETEMPORADA,SESIÓN 9 PRETEMPORADA,52.696333333333335,3396092.25,64446.46211943905,316820,316799.99999999994,47,6012.183010835668,0,28,0,6.65473,85.88787531491346,7.74816,306.16005,5.809892845169493,798.73,46,45,91,97,46,88,45,7,3.77972,-1.41095,0,810.144,0,3,918.4801500000001
Aylin Aviléz,2026-07-10,PRETEMPORADA,SESIÓN 10 PRETEMPORADA  | SESIÓN 9 PRETEMPORADA,102.20133333333334,7317662.88,71600.46392088817,197879.99,128280,19,1936.1781646684321,0,19,0,6.47898,81.45480055518676,7.95408,786.23169,7.692969008884424,839.4200000000001,74,73,147,221,74,178,73,15,3.47686,-1.32591,0,586.0687,0,3,2358.6950699999998
Geyse Da Silva,2026-07-10,PRETEMPORADA,SESIÓN 10 PRETEMPORADA  | SESIÓN 9 PRETEMPORADA,96.87066666666666,6263465.58,64658.02079748944,228690,86530,13,2360.776568070142,0,17,0,7.39449,86.41219179570959,8.55723,606.8425,6.264460861905221,933.8299999999999,77,83,160,185,77,157,83,11,3.90793,-0.83873,0,511.78749999999997,0,3,1820.5275
Giana Riley,2026-07-10,PRETEMPORADA,SESIÓN 10 PRETEMPORADA  | SESIÓN 9 PRETEMPORADA,103.8035,7195080.850000001,69314.43400270704,167220,8160,2,1610.9283405665512,0,15,0,6.63744,76.83422757028008,8.63865,727.88442,7.012137548348562,1003.61,95,94,189,231,95,195,94,25,3.98217,-1.08516,0,587.7298,0,3,2183.65326
Irene Guerrero,2026-07-10,PRETEMPORADA,SESIÓN 10 PRETEMPORADA  | SESIÓN 9 PRETEMPORADA,102.20133333333334,7883295.42,77134.95668680122,235049.99999999997,46680,8,2299.872147786721,0,23,0,6.36885,76.9637455846615,8.27513,826.28148,8.084840510887007,1198.22001,97,80,177,253,97,237,80,13,3.80182,-0.65609,0,642.9268999999999,0,3,2478.84444
Isa Haas,2026-07-10,PRETEMPORADA,SESIÓN 10 PRETEMPORADA  | SESIÓN 9 PRETEMPORADA,102.41483333333333,7177782.95,70085.38427864453,37360,16509.999999999996,2,364.7909075671005,0,6,0,6.38161,80.12387189441384,7.96468,730.1720700000001,7.129553856944551,691.92,63,44,107,193,63,187,44,13,3.68406,-0.89534,0,564.7453,0,3,2190.5162100000002
Jana Gutiérrez,2026-07-10,PRETEMPORADA,SESIÓN 10 PRETEMPORADA  | SESIÓN 9 PRETEMPORADA,91.47016666666667,6571560.930000001,71843.76250179931,12340,6690,1,134.90737417117785,0,2,0,6.14267,76.21178660049627,8.06,661.23883,7.229010879685726,798.61,71,91,162,229,71,212,91,8,3.33121,-1.18405,0,531.3973,0,3,1983.71649
Karen Luna,2026-07-10,PRETEMPORADA,SESIÓN 10 PRETEMPORADA  | SESIÓN 9 PRETEMPORADA,101.45433333333334,7634590.56,75251.49798102923,303709.99,303700,47,2993.5635080479556,0,25,0,6.84157,88.4947064111602,7.73105,951.732,9.380890581312446,1214.22001,101,93,194,266,101,229,93,13,3.65784,-1.45713,0,629.9951,0,3,2855.196
Karina Rodríguez,2026-07-10,PRETEMPORADA,SESIÓN 10 PRETEMPORADA  | SESIÓN 9 PRETEMPORADA,102.41483333333333,7086823.46,69197.23666330887,27730,27730,5,270.76155960480986,0,4,0,5.96697,77.59772264429192,7.68962,710.46773,6.937156531687304,888.45,73,63,136,223,73,198,63,11,3.45278,-1.164,0,568.3972,0,3,2131.40319
Karol Bernal,2026-07-10,PRETEMPORADA,SESIÓN 9 PRETEMPORADA,51.73583333333333,3845513.7800000003,74329.79295459305,207570,485760,86,4012.11281671311,0,22,0,6.52079,92.945414013102,7.01572,395.76271,7.649682715074981,767.8599899999999,44,55,99,104,44,87,55,1,3.44289,-1.37566,0,902.39,0,3,1187.2881300000001
Kim Rodríguez,2026-07-10,PRETEMPORADA,SESIÓN 10 PRETEMPORADA  | SESIÓN 9 PRETEMPORADA,102.41483333333333,6541913.819999999,63876.62418692604,50250,85250,14,490.65158204622054,0,6,0,6.18065,81.58606160287871,7.57562,756.02418,7.38197930312829,851.7099999999999,71,60,131,222,71,201,60,10,3.53498,0,0,529.1622,0,3,2268.07254
Montse Saldivar,2026-07-10,PRETEMPORADA,SESIÓN 10 PRETEMPORADA  | SESIÓN 9 PRETEMPORADA,103.8035,8031418.31,77371.36329699865,165550,108590,17,1594.8402510512651,0,17,0,7.0573,89.94441959193453,7.84629,801.62142,7.722489318760927,1264.69,103,99,202,272,103,246,99,24,3.38672,-1.55379,0,657.3224,0,3,2404.86426
Nancy Antonio,2026-07-10,PRETEMPORADA,SESIÓN 10 PRETEMPORADA  | SESIÓN 9 PRETEMPORADA,104.01700000000001,7285065.220000001,70037.25564090486,150070,55450,5,1442.7449359239354,0,14,0,6.40627,78.29013055545033,8.18273,589.60469,5.668349308286145,923.92001,75,64,139,256,75,236,64,6,3.59564,-1.35088,0,589.1809000000001,0,3,1768.81407
Priscila Da silva,2026-07-10,PRETEMPORADA,SESIÓN 10 PRETEMPORADA  | SESIÓN 9 PRETEMPORADA,103.8035,7866076.42,75778.52789164142,295409.99999999994,201430,31,2845.8577986291402,0,27,0,6.93114,85.66936569364087,8.09057,779.61105,7.5104505146743605,1157.10999,97,109,206,239,97,237,109,18,3.75224,-1.10892,0,1856.026,0,3,2338.83315
Sarah Luebbert,2026-07-10,PRETEMPORADA,SESIÓN 10 PRETEMPORADA  | SESIÓN 9 PRETEMPORADA,103.8035,8466961.4,81567.20534471382,404980.01,72010,11,3901.4099717254235,0,34,0,7.37686,82.41896487770433,8.95044,873.99611,8.419717157899301,1380.28999,121,110,231,297,121,263,110,12,4.46511,-1.27492,0,707.0889,0,3,2621.98833
Scarlett Camberos,2026-07-10,PRETEMPORADA,SESIÓN 10 PRETEMPORADA  | SESIÓN 9 PRETEMPORADA,103.8035,6993327.7,67370.82757325139,328450.01,37330,5,3164.151594117732,0,26,0,7.26061,80.10054752839966,9.06437,747.98051,7.205734970400806,1151.38001,96,89,185,235,96,189,89,70,3.8426,-1.48385,0,576.0076,0,3,2243.94153
Sofia Ramos,2026-07-10,PRETEMPORADA,SESIÓN 10 PRETEMPORADA  | SESIÓN 9 PRETEMPORADA,101.45433333333334,7750421.66,76393.20475879131,256130,53010,9,2524.584131448303,0,25,0,6.99022,83.07992179561082,8.41385,828.72966,8.168499390530386,1197.58001,103,125,228,283,103,274,125,6,3.7049,-1.40514,0,649.6147,0,3,2486.18898
Xcaret Pineda,2026-07-10,PRETEMPORADA,SESIÓN 10 PRETEMPORADA  | SESIÓN 9 PRETEMPORADA,102.20133333333334,7921048.609999999,77504.3568577057,268460,271980,37,2626.775906380869,0,25,0,6.42934,82.94445634196748,7.75138,746.02834,7.299594982452935,1128.66,108,104,212,317,108,311,104,13,3.90258,-1.54699,0,654.2823,0,3,2238.08502
Alondra Cabanillas,2026-07-11,PRETEMPORADA,SESIÓN 11 PRETEMPORADA ,42.967666666666666,2278602.14,53030.623181772346,18370,20090,3,427.530778957821,0,2,0,6.38318,83.94138602611933,7.60433,265.09559,6.169652917309915,225.91,26,36,62,97,26,82,36,7,3.51356,-1.94593,0,188.4617,0,3,795.28677
Aylin Aviléz,2026-07-11,PRETEMPORADA,SESIÓN 11 PRETEMPORADA ,30.493666666666666,1581616.22,51867.039713164486,0,0,0,0,0,0,0,5.18744,65.21734757508095,7.95408,157.88128,5.177510521310436,88.98,14,16,30,44,14,44,16,1,3.77552,-1.70354,0,127.2502,0,3,473.64384
Geyse Da Silva,2026-07-11,PRETEMPORADA,SESIÓN 11 PRETEMPORADA ,42.967666666666666,2227940.98,51851.57009534301,39960,24150,1,930.001629131983,0,2,0,6.8057,79.531577391281985,8.55723,203.50166,4.73615804131789,198.97,19,19,38,64,19,62,19,5,3.70041,-0.97768,0,178.7184,0,3,610.5049799999999
Giana Riley,2026-07-11,PRETEMPORADA,SESIÓN 11 PRETEMPORADA ,42.967666666666666,2175576.9,50632.88441696469,11290,0,0,262.75571553804025,0,1,0,6.36437,73.67320125251052,8.63865,228.08249999999998,5.30823565006245,203.76999999999998,26,23,49,85,26,75,23,6,3.65893,-1.8048,0,178.0058,0,3,684.2475
Irene Guerrero,2026-07-11,PRETEMPORADA,SESIÓN 11 PRETEMPORADA ,42.967666666666666,2347763.2199999997,54640.23071611987,0,0,0,0,0,0,0,5.42668,65.5781842702169,8.27513,225.12817,5.239478600187739,224,28,33,61,99,28,83,33,1,3.35774,-1.21541,0,193.242,0,3,675.3845100000001
Jana Gutiérrez,2026-07-11,PRETEMPORADA,SESIÓN 11 PRETEMPORADA ,42.967666666666666,2267012.18,52760.886402954166,0,0,0,0,0,0,0,5.22596,64.83821339950372,8.06,202.95528000000002,4.723441967991436,203.95,36,37,73,101,36,79,37,4,3.2382,-1.05529,0,187.1114,0,3,608.86584
Karen Luna,2026-07-11,PRETEMPORADA,SESIÓN 11 PRETEMPORADA ,36.15716666666666,2018282.9900000002,55819.72195461482,2130,2130,0,58.90948313612332,0,0,0,5.85114,75.68363935041165,7.73105,242.37751,6.70344311639463,182.82,22,18,40,64,22,63,18,12,3.15158,-1.39519,0,161.8666,0,3,727.13253
Karina Rodríguez,2026-07-11,PRETEMPORADA,SESIÓN 11 PRETEMPORADA ,42.967666666666666,2355918.98,54830.04227985384,15070,15070,1,350.7288426180927,0,1,0,6.16209,80.1351692281283,7.68962,210.68151,4.903256945144799,224.48000000000002,24,23,47,92,24,74,23,1,3.39344,-1.40171,0,191.4108,0,3,632.04453
Kim Rodríguez,2026-07-11,PRETEMPORADA,SESIÓN 11 PRETEMPORADA ,42.967666666666666,2372077.22,55206.09807374538,2200,3770,1,51.20129089315222,0,0,0,5.8836,77.66493039513598,7.57562,279.00798000000003,6.493440338859453,204.28,27,33,60,103,27,91,33,5,3.63223,-1.47609,0,199.1563,0,3,837.02394
Montse Saldivar,2026-07-11,PRETEMPORADA,SESIÓN 11 PRETEMPORADA ,42.967666666666666,2951773.1599999997,68697.54373443597,15120,10800,2,351.8925083202098,0,3,0,6.2952,80.23154892312164,7.84629,293.78408,6.837329154480502,353.15,44,52,96,131,44,113,52,12,2.9386,-1.12206,0,245.0861,0,3,881.35224
Nancy Antonio,2026-07-11,PRETEMPORADA,SESIÓN 11 PRETEMPORADA ,42.967666666666666,2440077.03,56788.679006694954,0,0,0,0,0,0,0,5.66907,69.2809123605447,8.18273,182.79359,4.25421262499709,262.74,31,33,64,114,31,104,33,2,3.00687,-1.36053,0,201.55030000000002,0,3,548.38077
Priscila Da silva,2026-07-11,PRETEMPORADA,SESIÓN 11 PRETEMPORADA ,42.967666666666666,2856461.15,66479.31739369914,15340,12580,3,357.012637409525,0,1,0,7.20234,89.02141629081758,8.09057,288.51117999999997,6.714611296866636,349.81,38,41,79,117,38,103,41,9,4.18555,-1.72777,0,682.6600000000001,0,3,865.5335399999999
Sarah Luebbert,2026-07-11,PRETEMPORADA,SESIÓN 11 PRETEMPORADA ,42.967666666666666,2765584.4699999997,64364.31588093372,38320,1250,0,891.8333941025422,0,5,0,6.70326,74.89307788220468,8.95044,292.87179000000003,6.816097142812813,367.83001,41,40,81,123,41,105,40,5,3.86569,-2.61068,0,232.5736,0,3,878.6153700000001
Scarlett Camberos,2026-07-11,PRETEMPORADA,SESIÓN 11 PRETEMPORADA ,42.967666666666666,2667882.1399999997,62090.45887217519,16590,0,0,386.1042799624524,0,3,0,6.79621,74.97719091343359,9.06437,283.33256,6.594087647300683,336.63,39,35,74,102,39,93,35,46,3.7871,-1.43212,0,216.92790000000002,0,3,849.99768
Sofia Ramos,2026-07-11,PRETEMPORADA,SESIÓN 11 PRETEMPORADA ,42.967666666666666,2540625.16,59128.76721255518,10680,0,0,248.55899397221165,0,2,0,6.25109,74.2952393969467,8.41385,298.63052,6.950121874587868,280.42,33,40,73,117,33,107,40,7,4.05239,-1.50704,0,213.5903,0,3,895.89156
Xcaret Pineda,2026-07-11,PRETEMPORADA,SESIÓN 11 PRETEMPORADA ,42.967666666666666,2501147.95,58210.0017067097,2670,2670,1,62.13974849305291,0,1,0,5.92688,76.4622557531691,7.75138,263.64609,6.135918248605541,254.63,40,39,79,108,40,99,39,12,3.8061,-1.33273,0,208.2591,0,3,790.9382700000001
Alondra Cabanillas,2026-07-13,PRETEMPORADA,SESIÓN 12 PRETEMPORADA,48.562333333333335,4188022.3800000004,86240.13906525634,0,0,0,0,0,0,0,5.57374,73.29692425236675,7.60433,443.00308,9.122359853658871,364.2,60,51,111,190,60,180,51,6,3.53163,-2.0962,0,343.3101,0,3,1329.00924
Geyse Da Silva,2026-07-13,PRETEMPORADA,SESIÓN 12 PRETEMPORADA,48.562333333333335,3193243.02,65755.55169644512,12879.999999999998,0,0,265.2261354822324,0,2,0,6.35234,74.23360129387663,8.55723,301.57732,6.210107696637311,308.57,51,51,102,130,51,134,51,5,3.61762,-1.6377,0,263.7103,0,3,904.73196
Giana Riley,2026-07-13,PRETEMPORADA,SESIÓN 12 PRETEMPORADA,48.562333333333335,3749698.21,77214.12775333419,3970,0,0,81.75060231866948,0,1,0,5.88764,68.15463064251938,8.63865,375.98935,7.7424070095478665,329.24,53,52,105,159,53,145,52,6,3.65431,-2.07926,0,307.9797,0,3,1127.96805
Irene Guerrero,2026-07-13,PRETEMPORADA,SESIÓN 12 PRETEMPORADA,48.562333333333335,3889696.2800000003,80096.98078757885,0,0,0,0,0,0,0,5.27164,63.70461853771481,8.27513,382.97315,7.886218056518426,287.5,47,54,101,166,47,157,54,2,3.22768,-1.29307,0,318.4272,0,3,1148.9194499999999
Isa Haas,2026-07-13,PRETEMPORADA,SESIÓN 12 PRETEMPORADA,48.562333333333335,3560179,73311.53088470487,0,0,0,0,0,0,0,5.50996,69.17992938824912,7.96468,348.16970000000003,7.169542237811198,177.47,31,34,65,130,31,123,34,11,3.16543,-1.52874,0,282.8875,0,3,1044.5091000000002
Jana Gutiérrez,2026-07-13,PRETEMPORADA,SESIÓN 12 PRETEMPORADA,48.562333333333335,3847372.46,79225.44482349146,0,0,0,0,0,0,0,5.29233,65.66166253101736,8.06,345.12097,7.106762511411451,249.47,33,42,75,165,33,168,42,7,3.20809,-1.27886,0,313.6315,0,3,1035.36291
Karen Luna,2026-07-13,PRETEMPORADA,SESIÓN 12 PRETEMPORADA,48.562333333333335,3810865.05,78473.68090495377,0,0,0,0,0,0,0,5.78429,74.81894438659691,7.73105,430.95999,8.874367445276517,309.65,62,39,101,173,62,155,39,4,3.20844,-1.66373,0,311.2375,0,3,1292.87997
Karina Rodríguez,2026-07-13,PRETEMPORADA,SESIÓN 12 PRETEMPORADA,48.562333333333335,3650394.5300000003,75169.25731190841,0,0,0,0,0,0,0,5.62111,73.09997112991279,7.68962,303.2165,6.243861840795678,282.28,48,36,84,152,48,155,36,11,3.1747,-1.60733,0,296.1014,0,3,909.6495
Kim Rodríguez,2026-07-13,PRETEMPORADA,SESIÓN 12 PRETEMPORADA,48.562333333333335,3353495.3,69055.48127149299,0,0,0,0,0,0,0,5.69586,75.18671739078782,7.57562,426.61229,8.784839210087378,234.22,49,44,93,159,49,144,44,2,3.0307,-1.76503,0,274.4868,0,3,1279.8368699999999
Montse Saldivar,2026-07-13,PRETEMPORADA,SESIÓN 12 PRETEMPORADA,48.562333333333335,4232949.53,87165.28303829442,19420,16180,2,399.89841234976353,0,1,0,6.56459,83.66489130531754,7.84629,482.29001,9.931359901707085,378.40999999999997,50,54,104,184,50,177,54,11,3.62675,-1.4735,0,345.1861,0,3,1446.87003
Nancy Antonio,2026-07-13,PRETEMPORADA,SESIÓN 12 PRETEMPORADA,48.562333333333335,4135374.24,85156.00376148867,0,0,0,0,0,0,0,5.60562,68.50549877608086,8.18273,327.98402,6.753876873022301,355.21999999999997,57,61,118,211,57,197,61,2,3.1341,-1.92354,0,344.4294,0,3,983.95206
Priscila Da silva,2026-07-13,PRETEMPORADA,SESIÓN 12 PRETEMPORADA,48.562333333333335,4339412.29,89357.57390844756,11340,8039.999999999999,2,233.5143149354438,0,1,0,6.91024,85.41104026045136,8.09057,434.09288,8.938880202077055,441.84,55,68,123,186,55,175,68,17,3.63912,-1.57936,0,1025.7160000000001,0,3,1302.27864
Sarah Luebbert,2026-07-13,PRETEMPORADA,SESIÓN 12 PRETEMPORADA,48.562333333333335,4443087.19,91492.45691104904,40220,0,0,828.2139106440519,0,4,0,6.66604,74.47723240421699,8.95044,457.20757000000003,9.414860008099556,429.26000999999997,58,53,111,186,58,170,53,8,4.31207,-1.82857,0,368.8048,0,3,1371.62271
Scarlett Camberos,2026-07-13,PRETEMPORADA,SESIÓN 12 PRETEMPORADA,48.562333333333335,4034749.9,83083.93816881395,40280,5510,1,829.4494361199008,0,4,0,6.98104,77.0162736075425,9.06437,441.47231999999997,9.090838304035362,551.37,84,83,167,179,84,183,83,65,4.02138,-2.47133,0,339.2529,0,3,1324.41696
Sofia Ramos,2026-07-13,PRETEMPORADA,SESIÓN 12 PRETEMPORADA,48.562333333333335,3493713.1599999997,71942.86024147658,8920,0,0,183.68145407620446,0,1,0,6.10237,72.52767757922948,8.41385,320.63897000000003,6.6026269330825675,314.22,45,48,93,159,45,160,48,7,3.4929,-2.58814,0,287.693,0,3,961.9169100000001
Xcaret Pineda,2026-07-13,PRETEMPORADA,SESIÓN 12 PRETEMPORADA,48.562333333333335,4070242.17,83814.79823182576,0,0,0,0,0,0,0,5.26846,67.96802633853585,7.75138,365.35385,7.523399822908015,281.92,43,48,91,176,43,186,48,17,3.35342,-1.60539,0,331.9547,0,3,1096.0615500000001
Alondra Cabanillas,2026-07-14,PRETEMPORADA,SESIÓN 13 PRETEMPORADA,70.55166666666668,4453563.6,63124.85318088397,113539.99999999999,119189.99999999999,13,1609.3170489712027,0,4,0,7.11106,93.51330097457632,7.60433,442.38128,6.270316505634168,643.45,65,55,120,183,65,172,55,9,3.73794,-1.56492,0,367.94030000000004,0,3,1327.14384
Gabriela García,2026-07-14,PRETEMPORADA,SESIÓN 13 PRETEMPORADA,55.12033333333333,3780931.0999999996,68594.12618452961,0,0,0,0,0,0,0,5.38768,68.94562467447875,7.81439,400.70646,7.269666850103713,369.4,41,27,68,113,41,112,27,8,2.92482,-1.01631,0,301.7455,0,3,1202.11938
Geyse Da Silva,2026-07-14,PRETEMPORADA,SESIÓN 13 PRETEMPORADA,70.55166666666668,3248445.35,46043.495546998645,78750,31160,3,1116.2032552975359,0,6,0,7.14382,83.48285601765991,8.55723,371.90864999999997,5.271436772105548,396.85001,42,46,88,107,42,107,46,13,4.32664,0,0,265.0102,0,3,1115.72595
Giana Riley,2026-07-14,PRETEMPORADA,SESIÓN 13 PRETEMPORADA,70.55166666666668,4073763.46,57741.562353830515,140180,82210,9,1986.9126644775693,0,5,0,8.18167,94.71005307542268,8.63865,390.50548,5.535028418889229,528.97999,50,50,100,159,50,142,50,11,4.11954,-0.85461,0,334.7155,0,3,1171.5164399999999
Irene Guerrero,2026-07-14,PRETEMPORADA,SESIÓN 13 PRETEMPORADA,70.55166666666668,4432925.65,62832.330679643754,107870,88590,7,1528.9504145897804,0,3,0,7.3091,88.32610484669122,8.27513,448.50569,6.357123951713874,631.72001,61,55,116,162,61,164,55,8,3.47122,-1.17921,0,366.0251,0,3,1345.51707
Isa Haas,2026-07-14,PRETEMPORADA,SESIÓN 13 PRETEMPORADA,70.55166666666668,4150952.66,58835.6428149583,92860,80300,7,1316.1985306276722,0,3,0,6.99971,87.8843845578228,7.96468,420.37767,5.958437126455788,493.8,54,44,98,130,54,122,44,12,3.4632,-2.10938,0,333.9896,0,3,1261.13301
Jana Gutiérrez,2026-07-14,PRETEMPORADA,SESIÓN 13 PRETEMPORADA,70.55166666666668,4115638.01,58335.09262715267,117890,102009.99999999999,7,1670.9739906924,0,6,0,7.25108,89.9637717121588,8.06,367.59505,5.210295764333467,594.18,64,60,124,169,64,159,60,14,3.56993,-2.23401,0,342.748,0,3,1102.7851500000002
Karen Luna,2026-07-14,PRETEMPORADA,SESIÓN 13 PRETEMPORADA,61.08283333333333,3955780.43,64760.91913439947,116670,116660.00000000001,11,1910.029277183715,0,4,0,7.45081,96.37513662439126,7.73105,505.1315,8.269614758101703,570.8199999999999,67,57,124,137,67,135,57,42,4.00302,-1.04622,0,327.9633,0,3,1515.3945
Karina Rodríguez,2026-07-14,PRETEMPORADA,SESIÓN 13 PRETEMPORADA,70.55166666666668,4395328.970000001,62299.434976731005,100039.99999999999,100030,9,1417.967919491625,0,6,0,6.75538,87.85063501187315,7.68962,446.2186,6.32470671611821,553.78,61,42,103,160,61,148,42,8,3.62785,-0.36056,0,358.1123,0,3,1338.6558
Kim Rodríguez,2026-07-14,PRETEMPORADA,SESIÓN 13 PRETEMPORADA,70.55166666666668,3874256.96,54913.755309347755,86660,102330.00000000001,9,1228.3196711629773,0,5,0,6.43702,84.9702070589602,7.57562,458.13072,6.493549219248304,557.14999,70,60,130,165,70,144,60,12,3.85132,0,0,327.0743,0,3,1374.3921599999999
Montse Saldivar,2026-07-14,PRETEMPORADA,SESIÓN 13 PRETEMPORADA,70.55166666666668,4525365.28,64142.570881859625,102860,95970,12,1457.9386265384703,0,4,0,7.53021,95.9715993163648,7.84629,421.5855,5.975556920460182,729.25999,73,72,145,192,73,172,72,24,3.61971,-1.72248,0,377.0263,0,3,1264.7565
Nancy Antonio,2026-07-14,PRETEMPORADA,SESIÓN 13 PRETEMPORADA,70.55166666666668,4683591.58,66385.2719756207,111030,92039.99999999999,8,1573.7402848975926,0,3,0,7.48889,91.52067830662872,8.18273,357.33022,5.064801965462663,723.66,71,57,128,202,71,192,57,3,3.44826,-1.41153,0,392.57890000000003,0,3,1071.99066
Priscila Da silva,2026-07-14,PRETEMPORADA,SESIÓN 13 PRETEMPORADA,70.55166666666668,4972066.899999999,70474.12392809051,224980,148380,19,3188.8686778011383,0,14,0,7.63838,94.41090059167648,8.09057,471.64305,6.68507311426614,792.75999,65,59,124,157,65,160,59,13,4.00584,-1.88794,0,1175.476,0,3,1414.92915
Sarah Luebbert,2026-07-14,PRETEMPORADA,SESIÓN 13 PRETEMPORADA,55.742666666666665,3618165.3499999996,64908.36492692611,259310,118960.00000000001,10,4651.912359174301,0,14,0,7.82447,87.4199480695921,8.95044,376.01331,6.74552066639558,754.89001,70,51,121,133,70,133,51,12,4.1278,-1.9129,0,308.2877,0,3,1128.03993
Scarlett Camberos,2026-07-14,PRETEMPORADA,SESIÓN 13 PRETEMPORADA,70.55166666666668,4098268.43,58088.89603363964,183420,82979.99999999999,10,2599.7968391958607,0,10,0,7.92735,87.45616077013625,9.06437,418.99951,5.9389030733977455,729.57001,78,76,154,160,78,158,76,64,4.75276,0,0,344.4896,0,3,1256.9985299999998
Sofia Ramos,2026-07-14,PRETEMPORADA,SESIÓN 13 PRETEMPORADA,70.55166666666668,4283288.5200000005,60711.3725638421,171950.00000000003,110550,10,2437.220949186176,0,8,0,8.17128,97.11701539723194,8.41385,485.38868,6.8799038057215745,724.11999,78,72,150,167,78,158,72,10,4.16443,-2.41082,0,362.4124,0,3,1456.16604
Xcaret Pineda,2026-07-14,PRETEMPORADA,SESIÓN 13 PRETEMPORADA,70.55166666666668,4512110.23,63954.69367602938,67900,67900,5,962.4152512343198,0,2,0,6.77304,87.37850550482624,7.75138,425.63968,6.033020906664146,496.29,60,55,115,169,60,168,55,18,3.2623,-0.98396,0,369.1282,0,3,1276.91904
Alondra Cabanillas,2026-07-15,PRETEMPORADA,SESIÓN 14 PRETEMPORADA,34.01433333333333,2719728.19,79958.29767842968,10580,11219.999999999998,2,311.0453436296463,0,1,0,6.35481,83.56830910810025,7.60433,257.04113,7.5568475054633835,196.73,22,22,44,106,22,90,22,3,3.18562,-0.98706,0,218.76260000000002,0,3,771.12339
Gabriela García,2026-07-15,PRETEMPORADA,SESIÓN 14 PRETEMPORADA,34.01433333333333,3071309.23,90294.55905843615,8930,3370,2,262.53638172143116,0,2,0,5.92683,75.84507555932069,7.81439,310.40675999999996,9.125763452662111,182.22,15,14,29,95,15,97,14,2,2.89644,-1.3379,0,242.7236,0,3,931.2202799999999
Geyse Da Silva,2026-07-15,PRETEMPORADA,SESIÓN 14 PRETEMPORADA,34.01433333333333,2278346.19,66981.94457238614,29470,6240,1,866.3994590515763,0,3,0,6.64118,77.60899262962431,8.55723,201.07616000000002,5.911512597630411,195.48000000000002,22,23,45,66,22,58,23,6,3.53097,-1.05457,0,183.79059999999998,0,3,603.22848
Giana Riley,2026-07-15,PRETEMPORADA,SESIÓN 14 PRETEMPORADA,34.01433333333333,2521891.99,74142.03786638967,30380,5680,1,893.1528865282284,0,3,0,6.83037,79.06756263999584,8.63865,229.21724,6.738842644767402,176.22,16,21,37,75,16,67,21,6,3.29342,-0.94691,0,201.66230000000002,0,3,687.6517200000001
Irene Guerrero,2026-07-15,PRETEMPORADA,SESIÓN 14 PRETEMPORADA,34.01433333333333,2710380.2399999998,79683.47382966004,7460,0,0,219.31930656683946,0,1,0,5.96251,72.05336955431515,8.27513,242.92933,7.141969463853473,191.57000000000002,18,24,42,79,18,79,24,1,3.31166,0,0,216.2349,0,3,728.78799
Isa Haas,2026-07-15,PRETEMPORADA,SESIÓN 14 PRETEMPORADA,34.01433333333333,2501186.15,73533.29919739718,0,0,0,0,0,0,0,5.71288,71.7276776970324,7.96468,235.35518000000002,6.919294219103712,131.69,18,10,28,87,18,74,10,4,2.77072,-1.02496,0,196.30169999999998,0,3,706.06554
Jana Gutiérrez,2026-07-15,PRETEMPORADA,SESIÓN 14 PRETEMPORADA,34.01433333333333,2673017.1999999997,78585.02396048723,12440,2370,0,365.7281734170889,0,1,0,6.04449,74.99367245657568,8.06,219.93492,6.465948276706879,266.93,24,36,60,99,24,87,36,3,3.18258,-1.05689,0,217.88270000000003,0,3,659.80476
Karen Luna,2026-07-15,PRETEMPORADA,SESIÓN 14 PRETEMPORADA,34.01433333333333,2839245.14,83472.02081475456,37190,37190,5,1093.3626020403162,0,4,0,6.27974,81.22751760756948,7.73105,324.66144,9.544842076379567,297.96999999999997,24,20,44,94,24,87,20,1,3.86985,-0.72087,0,229.43970000000002,0,3,973.98432
Karina Rodríguez,2026-07-15,PRETEMPORADA,SESIÓN 14 PRETEMPORADA,34.01433333333333,2598156.1,76384.15471908901,2680,2680,1,78.7903138872828,0,0,0,5.92987,77.11525406977199,7.68962,220.11966,6.471379516478348,147.57999999999998,13,12,25,104,13,85,12,6,3.0413,-1.04947,0,207.0068,0,3,660.35898
Kim Rodríguez,2026-07-15,PRETEMPORADA,SESIÓN 14 PRETEMPORADA,34.01433333333333,2367301.3299999996,69597.16972256792,11820,11820,3,347.50056348794135,0,1,0,6.78616,89.57893875352777,7.57562,233.46009,6.863579765393021,125.88,17,16,33,81,17,76,16,5,3.37058,-1.35547,0,192.01,0,3,700.38027
Montse Saldivar,2026-07-15,PRETEMPORADA,SESIÓN 14 PRETEMPORADA,34.01433333333333,2903649.3,85365.46259910037,23630.000000000004,18790,4,694.7071332673482,0,2,0,7.15416,91.17888836634894,7.84629,252.82503999999997,7.432897112001802,286.36,29,26,55,97,29,83,26,4,3.62451,-1.11761,0,235.5717,0,3,758.47512
Nancy Antonio,2026-07-15,PRETEMPORADA,SESIÓN 14 PRETEMPORADA,34.01433333333333,2890803.2500000005,84987.79681114826,0,0,0,0,0,0,0,5.51311,67.37494699201856,8.18273,205.95735000000002,6.05501651264663,222.78001,23,26,49,116,23,101,26,4,3.49524,-0.99716,0,235.12859999999998,0,3,617.8720500000001
Priscila Da silva,2026-07-15,PRETEMPORADA,SESIÓN 14 PRETEMPORADA,34.01433333333333,3091975.21,90902.12586850641,21680,1020,0,637.3783601030938,0,3,0,6.11233,75.54881794484196,8.09057,299.1457,8.794695373519007,303.45,26,25,51,104,26,105,25,2,3.22301,-1.54377,0,712.374,0,3,897.4370999999999
Scarlett Camberos,2026-07-15,PRETEMPORADA,SESIÓN 14 PRETEMPORADA,34.01433333333333,2740316.23,80563.57310153563,103470,40769.99999999999,9,3041.9529022078927,0,8,0,7.84611,86.55990432870679,9.06437,255.66815,7.516482757268994,383.81001000000003,38,31,69,96,38,89,31,38,4.48022,0,0,224.6965,0,3,767.00445
Sofia Ramos,2026-07-15,PRETEMPORADA,SESIÓN 14 PRETEMPORADA,34.01433333333333,2576725.05,75754.09533235988,13940,0,0,409.8272296972845,0,2,0,6.07242,72.17171687158674,8.41385,213.77793,6.284936644355811,267.64999,30,38,68,100,30,100,38,3,3.20564,-1.47153,0,214.4968,0,3,641.33379
Xcaret Pineda,2026-07-15,PRETEMPORADA,SESIÓN 14 PRETEMPORADA,34.01433333333333,3252941.19,95634.42440931764,0,0,0,0,0,0,0,5.29187,68.27003707726882,7.75138,280.54958,8.247981145203493,220.25,27,28,55,117,27,122,28,7,3.00619,-1.09101,0,260.68699999999995,0,3,841.64874
Alondra Cabanillas,2026-07-16,MD FRIENDLY, CLUB AMERICA VS SUB 23 MÉXICO,72.61383333333333,7227313.4799999995,99530.8076743871,59010,75500,9,812.6550726101317,0,3,0,6.76735,88.99337614227683,7.60433,663.42172,9.136299373627157,694.44,51,69,120,218,51,230,69,5,3.52592,-3.6013,0,578.5493,0,3,1990.2651600000002
Gabriela García,2026-07-16,PRETEMPORADA,SESION INDIVIDUAL GABY,34.674499999999995,3373567.2399999998,97292.4552625128,30509.999999999996,21390,3,879.8973308915774,0,3,0,6.18347,79.12927304626464,7.81439,399.14122999999995,11.511088263709643,428.29,30,36,66,112,30,103,36,8,2.67028,-1.30092,0,264.5769,0,3,1197.4236899999999
Geyse Da Silva,2026-07-16,MD FRIENDLY, CLUB AMERICA VS SUB 23 MÉXICO,48.328833333333336,3466252.4400000004,71722.24531249462,276600,173150,21,5723.2914788618245,0,17,0,8.06338,94.2288567679027,8.55723,340.14996,7.038240663785939,509.31,26,34,60,88,26,85,34,7,3.53048,-4.97255,0,290.9606,0,3,1020.4498800000001
Giana Riley,2026-07-16,MD FRIENDLY, CLUB AMERICA VS SUB 23 MÉXICO,96.458,8896526.85,92232.13056459806,198490,84560,7,2057.7868087665097,0,11,0,7.34686,85.0463903503441,8.63865,802.81396,8.322938066308652,803.2299800000001,43,49,92,211,43,201,49,5,3.95938,-4.25537,0,697.3932,0,3,2408.44188
Irene Guerrero,2026-07-16,MD FRIENDLY, CLUB AMERICA VS SUB 23 MÉXICO,48.328833333333336,4936419.92,102142.33573470633,96300,76170,11,1992.5993109703315,0,5,0,7.64819,92.42380482240156,8.27513,438.96762,9.082934342162892,451.69,26,40,66,132,26,134,40,6,3.71303,-4.41032,0,393.1802,0,3,1316.9028600000001
Isa Haas,2026-07-16,MD FRIENDLY, CLUB AMERICA VS SUB 23 MÉXICO,48.12916666666667,4422204.1,91882.00017314516,107949.99999999999,86890,16,2242.9226906761314,0,8,0,7.3444,92.21211649432243,7.96468,339.31494,7.050089654575361,435.79999,23,29,52,98,23,99,29,3,3.58269,-4.77956,0,348.9108,0,3,1017.9448199999999
Jana Gutiérrez,2026-07-16,MD FRIENDLY, CLUB AMERICA VS SUB 23 MÉXICO,28.808,2404093.2600000002,83452.27922799223,30040,8940,1,1042.7658983615663,0,4,0,6.21935,77.16315136476427,8.06,197.01558,6.838919050263816,299.04999,25,29,54,74,25,65,29,5,3.65879,-3.64613,0,194.5111,0,3,591.04674
Karen Luna,2026-07-16,MD FRIENDLY, CLUB AMERICA VS SUB 23 MÉXICO,73.20916666666668,7136095.209999999,97475.43285790712,195709.99999999997,195730,32,2673.29910871817,0,12,0,7.73105,100,7.73105,762.3526400000001,10.41334951224232,805.0900200000001,49,59,108,184,49,171,59,2,3.5325,-3.74961,0,570.6315999999999,0,3,2287.05792
Karina Rodríguez,2026-07-16,MD FRIENDLY, CLUB AMERICA VS SUB 23 MÉXICO,72.95049999999999,6673300.289999999,91477.10145920864,183870,183890,26,2520.4762133227327,0,10,0,7.17233,93.27287954411271,7.68962,553.85498,7.592202657966704,786.24002,56,60,116,223,56,191,60,8,3.92948,-4.42089,0,541.3905,0,3,1661.5649399999998
Kim Rodríguez,2026-07-16,MD FRIENDLY, CLUB AMERICA VS SUB 23 MÉXICO,48.328833333333336,4392496.09,90887.69140575157,102560,120530,14,2122.128611974218,0,7,0,6.63058,87.52524545845753,7.57562,329.99014,6.8280179189096915,436.09,36,26,62,116,36,105,26,3,3.30687,-3.75154,0,349.5926,0,3,989.97042
Montse Saldivar,2026-07-16,MD FRIENDLY, CLUB AMERICA VS SUB 23 MÉXICO,48.328833333333336,4863740.23,100638.47799622724,280740.01,258640,40,5808.954833725898,0,15,0,7.55931,96.34247523351802,7.84629,423.46329,8.762125232349218,756.12,38,47,85,146,38,143,47,11,3.5369,-4.48426,0,395.4405,0,3,1270.38987
Nancy Antonio,2026-07-16,MD FRIENDLY, CLUB AMERICA VS SUB 23 MÉXICO,48.12916666666667,5145346.19,106907.02844775344,123870,87910,9,2573.699246818457,0,8,0,6.95629,85.01184812403685,8.18273,369.87521,7.685053276772573,594.92999,36,40,76,155,36,155,40,6,3.51563,-4.3561,0,412.6325,0,3,1109.62563
Priscila Da silva,2026-07-16,MD FRIENDLY, CLUB AMERICA VS SUB 23 MÉXICO,48.12916666666667,5346185.06,111079.94237728334,136650,89789.99999999999,16,2839.2346982945196,0,11,0,7.52079,92.95748012809976,8.09057,482.23865,10.019675872218855,640.95001,34,40,74,132,34,128,40,2,3.56237,-4.97697,0,1215.762,0,3,1446.71595
Scarlett Camberos,2026-07-16,MD FRIENDLY, CLUB AMERICA VS SUB 23 MÉXICO,48.12916666666667,4381611.82,91038.5972469916,204850,65990.00000000001,6,4256.25486970825,0,14,0,8.07538,89.08925827167248,9.06437,343.47757,7.136578374166739,542.12,47,40,87,127,47,107,40,9,3.68979,-4.99746,0,353.871,0,3,1030.43271
Sofia Ramos,2026-07-16,MD FRIENDLY, CLUB AMERICA VS SUB 23 MÉXICO,73.03999999999999,6657859.38,91153.60596933188,239429.99999999997,137950,13,3278.066812705367,0,11,0,8.41385,100,8.41385,550.77185,7.540687979189486,934.0400099999999,52,71,123,206,52,221,71,11,3.56941,-4.31171,0,542.318,0,3,1652.3155499999998
Xcaret Pineda,2026-07-16,MD FRIENDLY, CLUB AMERICA VS SUB 23 MÉXICO,96.458,10121226.559999999,104928.8453005453,163110,163130,20,1690.9950444753158,0,11,0,6.97043,89.92501980292542,7.75138,746.7753299999999,7.7419740197806295,922.56,58,79,137,258,58,297,79,18,3.32434,-4.49214,0,805.693,0,3,2240.32599
Alexa Soto,2026-07-18,PRETEMPORADA,SESIÓN 15 PRETEMPORADA,47.35883333333334,3693460.06,77988.83122824675,8969.999999999998,11030.000000000002,2,189.40500364240387,0,2,0,5.98199,79.17314091042647,7.55558,388.84902,8.2106967725134,253.32,39,40,79,171,39,168,40,9,2.95431,-1.76006,0,300.80469999999997,0,3,1166.5470599999999
Gabriela García,2026-07-18,PRETEMPORADA,SESIÓN 15 PRETEMPORADA,47.35883333333334,3451170.38,72872.7913483229,0,0,0,0,0,0,0,5.45927,69.86175504421969,7.81439,362.93459,7.663503605451992,210.07,30,29,59,156,30,152,29,8,3.19438,-1.39369,0,277.75440000000003,0,3,1088.80377
Geyse Da Silva,2026-07-18,PRETEMPORADA,SESIÓN 15 PRETEMPORADA,47.35883333333334,3074087.43,64910.539674048836,9610,3640,0,202.91885005613173,0,1,0,6.45009,75.37591019523842,8.55723,309.44895,6.534133723733341,291.17,53,45,98,128,53,121,45,7,3.97824,0,0,256.91679999999997,0,3,928.3468500000001
Giana Riley,2026-07-18,PRETEMPORADA,SESIÓN 15 PRETEMPORADA,47.35883333333334,3222124.93,68036.4084841617,6650,0,0,140.4173103926406,0,1,0,5.95995,68.99168272820407,8.63865,298.93356,6.3120972152326384,261.16,39,36,75,127,39,114,36,8,3.47866,-0.97779,0,262.0961,0,3,896.80068000000006
Irene Guerrero,2026-07-18,PRETEMPORADA,SESIÓN 15 PRETEMPORADA,47.35883333333334,3664447.81,77376.2263991582,0,0,0,0,0,0,0,5.34891,64.638380303391,8.27513,367.23033,7.754209809504034,261.86,42,39,81,196,42,182,39,7,3.19367,-1.33269,0,300.552,0,3,1101.69099
Isa Haas,2026-07-18,PRETEMPORADA,SESIÓN 15 PRETEMPORADA,47.35883333333334,3489404.48,73680.11909077152,0,0,0,0,0,0,0,5.40647,67.88056770642386,7.96468,375.38256,7.926347284737448,207.77,36,34,70,145,36,125,34,5,3.10152,-0.50538,0,279.4463,0,3,1126.14768
Jana Gutiérrez,2026-07-18,PRETEMPORADA,SESIÓN 15 PRETEMPORADA,47.35883333333334,3619722.03,76431.82433407354,0,0,0,0,0,0,0,5.47704,67.95334987593051,8.06,350.07444,7.391956586768395,333.68,55,54,109,191,55,173,54,6,3.63095,-1.49005,0,302.7934,0,3,1050.22332
Karen Luna,2026-07-18,PRETEMPORADA,SESIÓN 15 PRETEMPORADA,47.35883333333334,3556960.99,75106.60081012694,0,0,0,0,0,0,0,5.64693,73.04221289475556,7.73105,416.18869,8.787984430922776,266.66999999999996,44,46,90,166,44,173,46,6,3.85658,-1.74334,0,293.4946,0,3,1248.56607
Karina Rodríguez,2026-07-18,PRETEMPORADA,SESIÓN 15 PRETEMPORADA,47.35883333333334,3479299.0500000003,73466.73904551422,18740,18740.000000000004,3,395.7023153019676,0,1,0,6.60764,85.92934371269322,7.68962,290.42948,6.132530291779428,337.86,58,56,114,173,58,150,56,6,3.33522,-1.80958,0,288.9033,0,3,871.28844
Kim Rodríguez,2026-07-18,PRETEMPORADA,SESIÓN 15 PRETEMPORADA,47.35883333333334,2996324.81,63268.55201247215,0,0,0,0,0,0,0,4.94002,65.20944820357938,7.57562,361.38992,7.630887303670909,183.66,32,28,60,136,32,126,28,7,2.88041,0,0,247.6796,0,3,1084.16976
Montse Saldivar,2026-07-18,PRETEMPORADA,SESIÓN 15 PRETEMPORADA,47.35883333333334,4164711.98,87939.49696114416,55960,52410,9,1181.6169458003258,0,4,0,6.82287,86.95663810539759,7.84629,406.15036,8.576021228000407,473.6,58,60,118,198,58,181,60,19,4.30586,-1.59761,0,344.1067,0,3,1218.4510799999998
Nancy Antonio,2026-07-18,PRETEMPORADA,SESIÓN 15 PRETEMPORADA,47.35883333333334,4168477.96,88019.01707882725,8109.999999999999,2920,0,171.24577252395713,0,1,0,6.13288,74.94906956480295,8.18273,338.22047,7.1416554461856805,517.42,82,71,153,228,82,232,71,5,3.03645,-1.84462,0,353.4678,0,3,1014.6614099999999
Priscila Da silva,2026-07-18,PRETEMPORADA,SESIÓN 15 PRETEMPORADA,47.35883333333334,4419265.29,93314.48811027862,35560,14020.000000000002,2,750.8630913627517,0,4,0,6.41187,79.25115288539621,8.09057,454.56485,9.598311824967533,463.47,53,58,111,175,53,179,58,8,3.82855,-1.84898,0,1039.654,0,3,1363.69455
Scarlett Camberos,2026-07-18,PRETEMPORADA,SESIÓN 15 PRETEMPORADA,47.35883333333334,3856679.3,81435.26832375515,14070,0,0,297.09346725179745,0,2,0,6.11497,67.4616106800583,9.06437,362.7514,7.659635478069912,370.51,52,52,104,190,52,193,52,53,4.10032,-1.71825,0,314.1005,0,3,1088.2541999999999
Sofia Ramos,2026-07-18,PRETEMPORADA,SESIÓN 15 PRETEMPORADA,47.35883333333334,3098775.3000000003,65431.83355445834,8890,0,0,187.71577284068792,0,1,0,6.14922,73.0844975843401,8.41385,282.01906,5.9549410352873275,308.89,49,52,101,138,49,132,52,5,3.33473,-1.57437,0,258.8033,0,3,846.05718
Xcaret Pineda,2026-07-18,PRETEMPORADA,SESIÓN 15 PRETEMPORADA,47.35883333333334,3808810.64,80424.50313739429,3760,3760,1,79.39384768065091,0,1,0,6.17247,79.63059481021443,7.75138,371.51741,7.844733154321791,243.63,38,40,78,196,38,190,40,19,3.4052,-1.85149,0,312.4394,0,3,1114.55223
Alexa Soto,2026-07-19,PRETEMPORADA,SESIÓN 16 PRETEMPORADA,49.26866666666667,3771310.09,76545.81187502536,221810.00000000003,259630,30,4502.049984439062,0,14,0,7.26998,96.22001222937222,7.55558,401.06886000000003,8.1404447722014,578.60999,33,39,72,126,33,107,39,10,3.36731,-1.11879,0,305.69350000000003,0,3,1203.20658
Gabriela García,2026-07-19,PRETEMPORADA,SESIÓN 16 PRETEMPORADA,49.26866666666667,3760319.48,76322.73683071052,189530,163429.99999999997,18,3846.8668389645886,0,10,0,7.0652,90.41268736267321,7.81439,461.43769,9.36574340689823,524.98001,31,29,60,122,31,107,29,9,3.26313,-1.41838,0,299.9738,0,3,1384.31307
Geyse Da Silva,2026-07-19,PRETEMPORADA,SESIÓN 16 PRETEMPORADA,49.26866666666667,3446830.15,69959.88288702759,207339.99999999997,106780,10,4208.354194011068,0,12,0,7.74893,90.55418634301053,8.55723,326.92091,6.635473052514783,561.39999,32,38,70,111,32,94,38,7,4.1642,-1.46404,0,279.4239,0,3,980.7627299999999
Giana Riley,2026-07-19,PRETEMPORADA,SESIÓN 16 PRETEMPORADA,49.26866666666667,3455818.19,70142.3120171035,106270,19670,2,2156.948973654655,0,10,0,6.76805,78.34615362354072,8.63865,307.57268,6.242764434461388,465.45999,29,29,58,111,29,78,29,10,3.75022,-1.11771,0,278.026,0,3,922.71804
Irene Guerrero,2026-07-19,PRETEMPORADA,SESIÓN 16 PRETEMPORADA,49.26866666666667,3672104.89,74532.25626835176,292579.99,184150,15,5938.459670108115,0,12,0,7.00315,84.62888196318364,8.27513,367.47578,7.458610205269069,583.9399999999999,29,26,55,121,29,108,26,3,3.12108,-1.6647,0,295.65409999999997,0,3,1102.42734
Isa Haas,2026-07-19,PRETEMPORADA,SESIÓN 16 PRETEMPORADA,49.26866666666667,3614817.38,73369.49880248433,170649.99,114710,13,3463.6616240206754,0,9,0,6.84073,85.88832194137115,7.96468,349.63849,7.096568948486529,518.37999,30,25,55,110,30,101,25,6,3.4891200000000002,-1.48247,0,286.89709999999997,0,3,1048.91547
Jana Gutiérrez,2026-07-19,PRETEMPORADA,SESIÓN 16 PRETEMPORADA,49.26866666666667,3674226.08,74575.30979797844,141030,73949.99999999999,9,2862.4683707021363,0,11,0,7.02625,87.17431761786601,8.06,350.60389,7.116163552223861,587.83999,42,47,89,136,42,113,47,9,3.58815,-2.02203,0,302.9418,0,3,1051.81167
Karen Luna,2026-07-19,PRETEMPORADA,SESIÓN 16 PRETEMPORADA,49.26866666666667,3644477.17,73971.49987145311,270410,270410,37,5488.478140264941,0,16,0,7.43392,96.15666694692183,7.73105,456.60381,9.26763074570721,643.26001,38,42,80,113,38,98,42,28,3.2676,-1.61016,0,296.39189999999996,0,3,1369.81143
Karina Rodríguez,2026-07-19,PRETEMPORADA,SESIÓN 16 PRETEMPORADA,49.26866666666667,3521778.33,71481.09677550303,113550,113539.99999999999,14,2304.7102282721944,0,9,0,6.59508,85.76600664272097,7.68962,307.22553,6.235718374084949,509.99001,45,32,77,121,45,84,32,5,3.54503,-0.99945,0,283.2473,0,3,921.67659
Kim Rodríguez,2026-07-19,PRETEMPORADA,SESIÓN 16 PRETEMPORADA,49.26866666666667,3439961.34,69820.4675047021,128639.99999999999,152940,18,2610.9900815934398,0,8,0,6.65115,87.79677438942292,7.57562,388.54723,7.8862948053529625,472.58999,37,32,69,119,37,100,32,1,3.469,-0.96576,0,278.6749,0,3,1165.64169
Montse Saldivar,2026-07-19,PRETEMPORADA,SESIÓN 16 PRETEMPORADA,45.99566666666667,3857461.24,83865.75344054149,324080.00000000006,278500,32,7045.881133729989,0,18,0,7.16632,91.33386606918684,7.84629,344.65898,7.49329241160399,729.06001,38,40,78,117,38,96,40,12,3.88136,-2.2552,0,314.5758,0,3,1033.97694
Nancy Antonio,2026-07-19,PRETEMPORADA,SESIÓN 16 PRETEMPORADA,49.26866666666667,4056349.1000000006,82331.21321191292,237410,133940,11,4818.6812443337885,0,12,0,6.95549,85.00207143581666,8.18273,303.39865,6.158044666657645,640.79001,43,39,82,162,43,136,39,3,3.57625,-1.42997,0,330.5442,0,3,910.1959499999999
Priscila Da silva,2026-07-19,PRETEMPORADA,SESIÓN 16 PRETEMPORADA,49.26866666666667,4255681.24,86377.03286740728,286349.99999999994,206600,26,5812.010337875322,0,13,0,7.31975,90.47261194205106,8.09057,435.32018,8.835639554551236,714.6999900000001,44,42,86,152,44,135,42,9,3.40113,-1.16754,0,991.102,0,3,1305.96054
Scarlett Camberos,2026-07-19,PRETEMPORADA,SESIÓN 16 PRETEMPORADA,49.26866666666667,3942108.43,80012.48454054639,263100,102420,12,5340.107979378374,0,15,0,8.58353,94.6952739131346,9.06437,368.1362,7.472014667875458,722.0699999999999,57,46,103,139,57,134,46,34,4.36855,-1.78675,0,320.1058,0,3,1104.4086
Sofia Ramos,2026-07-19,PRETEMPORADA,SESIÓN 16 PRETEMPORADA,49.26866666666667,3552819.4400000004,72111.13432472295,210010,85580,8,4262.546851954589,0,16,0,6.73619,80.06073319586157,8.41385,326.06002,6.6179996752499894,620.87,46,51,97,132,46,129,51,2,3.3713,-1.30259,0,295.526,0,3,978.18006
Xcaret Pineda,2026-07-19,PRETEMPORADA,SESIÓN 16 PRETEMPORADA,49.26866666666667,3993822.32,81062.11493444108,255150,255149.99999999997,27,5178.747818085869,0,13,0,6.83784,88.21448567867914,7.75138,342.59898,6.9536888894902775,610.32001,56,39,95,157,56,132,39,15,3.5843,-1.58411,0,325.1234,0,3,1027.79694
Alexa Soto,2026-07-20,PRETEMPORADA,SESIÓN 17 PRETEMPORADA,56.100833333333334,3359826.89,59889.07277075504,21230,25979.999999999996,6,378.42575125146686,0,3,0,6.41915,84.95906336773616,7.55558,334.21518,5.957401345791061,391.96999999999997,47,48,95,128,47,126,48,0,3.62313,-1.90301,0,279.3609,0,3,1002.64554
Alondra Cabanillas,2026-07-20,PRETEMPORADA,SESIÓN 17 PRETEMPORADA,56.100833333333334,3358793.2,59870.64719775405,8650,12489.999999999998,2,154.18665795219917,0,1,0,6.15475,80.93743959033867,7.60433,319.23542,5.690386417314062,399.68,54,61,115,146,54,136,61,6,3.77887,-0.94453,0,281.8984,0,3,957.7062599999999
Arantza Segura,2026-07-20,PRETEMPORADA,SESIÓN 17 PRETEMPORADA,54.34466666666667,3971911.17,73087.41434302047,9550,9550,1,175.73021578321087,0,1,0,6.05668,78.16926857473257,7.74816,340.76392,6.270420648453697,449.41999,49,52,101,164,49,153,52,5,3.78178,-1.53686,0,931.124,0,3,1022.29176
Bruna Villamala,2026-07-20,READAPTACION,BRUNA REA,20.832333333333334,1993149.06,95675.74731587117,0,0,0,0,0,0,0,5.25181,70.68384925975774,7.43,187.06180999999998,8.97939789109877,90.35000000000001,14,7,21,43,14,37,7,0,3.11392,-1.84862,0,444.29200000000003,0,3,561.18543
Gabriela García,2026-07-20,PRETEMPORADA,SESIÓN 17 PRETEMPORADA,54.34466666666667,3366451.2,61946.303225094154,0,0,0,0,0,0,0,5.68364,72.73299643350279,7.81439,330.81302,6.087313443821534,211.09,24,31,55,107,24,102,31,10,3.61928,-1.99194,0,269.2816,0,3,992.4390599999999
Geyse Da Silva,2026-07-20,PRETEMPORADA,SESIÓN 17 PRETEMPORADA,56.100833333333334,3017918.14,53794.53317686903,37110.00000000001,13680,2,661.4875001856777,0,3,0,7.17512,83.848628586587,8.55723,276.02903,4.920230477859805,348.2,36,40,76,93,36,92,40,12,3.75109,-1.1263,0,247.08599999999998,0,3,828.08709
Giana Riley,2026-07-20,PRETEMPORADA,SESIÓN 17 PRETEMPORADA,56.100833333333334,2730760.84,48675.940761426595,19060.000000000004,610,0,339.74539890970135,0,2,0,6.50151,75.26071782049279,8.63865,253.46723,4.518065328797849,251.26,32,36,68,102,32,91,36,7,3.49509,-1.63451,0,223.3686,0,3,760.40169
Irene Guerrero,2026-07-20,PRETEMPORADA,SESIÓN 17 PRETEMPORADA,56.100833333333334,3198235.3600000003,57008.69612750851,7560,0,0,134.75735654550587,0,1,0,6.17387,74.60752882432058,8.27513,288.28648,5.138720102196936,261.07,36,37,73,118,36,120,37,2,3.49142,-1.57454,0,261.3534,0,3,864.85944
Isa Haas,2026-07-20,PRETEMPORADA,SESIÓN 17 PRETEMPORADA,54.34466666666667,3543637.3899999997,65206.71865991142,7650,5880,1,140.7681833237239,0,1,0,6.31999,79.35020616019727,7.96468,328.56552999999997,6.0459572236466,292.98,40,36,76,112,40,107,36,9,3.42215,-1.64991,0,285.2451,0,3,985.6965899999999
Jana Gutiérrez,2026-07-20,PRETEMPORADA,SESIÓN 17 PRETEMPORADA,54.34466666666667,3234554.0999999996,59519.2554927193,9490,6440,1,174.62615160027968,0,1,0,6.31114,78.30198511166253,8.06,267.27565,4.918157868910779,358.52,37,49,86,114,37,112,49,5,3.60122,-1.26409,0,266.0259,0,3,801.8269499999999
Karen Luna,2026-07-20,PRETEMPORADA,SESIÓN 17 PRETEMPORADA,54.34466666666667,3358470.37,61799.44741587644,11540,11540,3,212.34834451709457,0,2,0,6.31318,81.660059112281,7.73105,368.71711999999997,6.784789430425555,314.13,33,32,65,108,33,102,32,4,3.96587,-1.53448,0,272.9125,0,3,1106.1513599999998
Karina Rodríguez,2026-07-20,PRETEMPORADA,SESIÓN 17 PRETEMPORADA,54.34466666666667,3334624.09,61360.65035514064,2250,2250,2,41.40240685991879,0,0,0,5.84495,76.01090821132904,7.68962,323.38927,5.950708502520946,316.98,43,42,85,123,43,108,42,6,3.16702,-1.20889,0,272.6871,0,3,970.16781
Kim Rodríguez,2026-07-20,PRETEMPORADA,SESIÓN 17 PRETEMPORADA,54.34466666666667,3189222.13,58685.098752407466,8410,11220,3,154.75299630751866,0,1,0,6.1625,81.3464772520269,7.57562,382.3066,7.034850399303212,276.17,38,30,68,117,38,111,30,4,3.45931,-1.21647,0,261.2841,0,3,1146.9198000000001
Montse Saldivar,2026-07-20,PRETEMPORADA,SESIÓN 17 PRETEMPORADA,56.100833333333334,2938612,52380.89749112461,26810.000000000004,25820,5,477.88951441600693,0,2,0,7.24204,92.29890814639786,7.84629,263.58428,4.6984022221892126,347.62,37,38,75,93,37,86,38,6,3.61701,-0.84534,0,242.1251,0,3,790.7528399999999
Nancy Antonio,2026-07-20,PRETEMPORADA,SESIÓN 17 PRETEMPORADA,56.100833333333334,3203125.33,57095.86007337978,19900,6680,1,354.7184385258686,0,2,0,6.40695,78.29844074043748,8.18273,227.45868,4.05446169842991,376.53999999999996,37,53,90,123,37,113,53,3,3.80793,-0.93974,0,266.9737,0,3,682.37604
Priscila Da silva,2026-07-20,PRETEMPORADA,SESIÓN 17 PRETEMPORADA,56.100833333333334,3639511.75,64874.46859078148,65060,28130,6,1159.697568366483,0,8,0,6.71554,83.00453490915967,8.09057,345.49741,6.158507627634765,497.62998999999996,55,58,113,125,55,114,58,11,4.39661,-2.15201,0,873.638,0,3,1036.49223
Scarlett Camberos,2026-07-20,PRETEMPORADA,SESIÓN 17 PRETEMPORADA,56.100833333333334,2974612.13,53022.60150621648,51800,2780,0,923.3374429969846,0,6,0,6.99576,77.17866768457156,9.06437,259.02055,4.617053519704104,360.01,44,38,82,99,44,91,38,44,5.21497,-1.21803,0,238.3738,0,3,777.0616500000001
Sofia Ramos,2026-07-20,PRETEMPORADA,SESIÓN 17 PRETEMPORADA,54.34466666666667,3532660.96,65004.74060625391,62249.99999999999,30009.999999999996,6,1145.4665897910863,0,6,0,7.29249,86.67245078055824,8.41385,289.58843,5.3287368892378275,470.23001,48,46,94,138,48,132,46,7,4.0285,-1.23703,0,296.0307,0,3,868.76529
Xcaret Pineda,2026-07-20,PRETEMPORADA,SESIÓN 17 PRETEMPORADA,54.34466666666667,3618476.18,66583.83245212655,6080,6080,1,111.87850387035833,0,1,0,5.9354,76.57217166491644,7.75138,302.4842,5.566032852043132,385.90001,50,50,100,145,50,132,50,4,3.48573,-1.28328,0,300.188,0,3,907.4526
Alexa Soto,2026-07-21,MD FRIENDLY,CLUB AMERICA VS SUB14,67.36233333333332,5691417.48,84489.61308743266,59269.99999999999,77050,12,879.8685714568478,0,6,0,6.77994,89.73420968343926,7.55558,589.28279,8.747956919544553,559.44,44,49,93,159,44,166,49,7,3.26421,-2.51427,0,452.7495,0,3,1767.84837
Alondra Cabanillas,2026-07-21,MD FRIENDLY,CLUB AMERICA VS SUB14,67.36233333333332,5366321.29,79663.53041016989,95740,103679.99999999999,16,1421.2690573861755,0,6,0,7.36951,96.91202249244839,7.60433,544.00479,8.075800867943014,497.56998999999996,36,41,77,160,36,139,41,7,3.39407,-2.3469,0,417.6879,0,3,1632.0143699999999
Arantza Segura,2026-07-21,MD FRIENDLY,CLUB AMERICA VS SUB14,67.36233333333332,6010032.11,89219.47641362385,114100.00000000001,114110.00000000001,14,1693.8249367846527,0,10,0,7.23734,93.40720893734769,7.74816,558.48111,8.29070316249932,702.94002,62,62,124,210,62,185,62,9,3.48267,-3.53039,0,1382.206,0,3,1675.4433299999998
Gabriela García,2026-07-21,MD FRIENDLY,CLUB AMERICA VS SUB14,70.08999999999999,6212420.78,88634.90911684978,76259.99999999999,71039.99999999999,7,1088.029676130689,0,4,0,6.94544,88.88013011892161,7.81439,595.78755,8.500321729205309,464.36,41,42,83,159,41,183,42,8,3.95566,-2.99668,0,487.0166,0,3,1787.36265
Geyse Da Silva,2026-07-21,MD FRIENDLY,CLUB AMERICA VS SUB14,70.08999999999999,5114108.279999999,72964.87772863462,263650.01,161489.99999999997,22,3761.5923812241413,0,13,0,7.72554,90.28085022840334,8.55723,457.11528,6.521833071764875,566.05999,43,43,86,122,43,124,43,13,4.29535,-2.46825,0,412.3322,0,3,1371.34584
Giana Riley,2026-07-21,MD FRIENDLY,CLUB AMERICA VS SUB14,67.36233333333332,5071337.16,75284.46401797247,60730,39820,4,901.5424050037856,0,2,0,7.10559,82.25347710579778,8.63865,456.6803,6.779460826277792,402.68001000000004,36,28,64,151,36,130,28,4,3.60781,-2.34781,0,398.335,0,3,1370.0409
Irene Guerrero,2026-07-21,MD FRIENDLY,CLUB AMERICA VS SUB14,70.08999999999999,6514761.35,92948.51405335998,36210,9260,1,516.6214866600086,0,3,0,6.32363,76.41728891268173,8.27513,629.94336,8.987635326009418,512.38001,51,46,97,204,51,209,46,0,3.34285,-2.55907,0,516.4915,0,3,1889.83008
Isa Haas,2026-07-21,MD FRIENDLY,CLUB AMERICA VS SUB14,70.08999999999999,5458664.55,77880.78969895848,151850,128490.00000000001,17,2166.500214010558,0,9,0,7.22284,90.68587815204125,7.96468,514.1825200000001,7.336032529604796,471.73999,28,26,54,125,28,115,26,12,3.94637,-2.56185,0,425.2318,0,3,1542.5475600000002
Jana Gutiérrez,2026-07-21,MD FRIENDLY,CLUB AMERICA VS SUB14,70.08999999999999,5744191.290000001,81954.50549293768,86580,42590,3,1235.2689399343703,0,5,0,6.57932,81.62928039702233,8.06,492.35485,7.024609074047654,616.87,59,66,125,187,59,171,66,7,3.72749,-3.17072,0,464.52279999999996,0,3,1477.06455
Karen Luna,2026-07-21,MD FRIENDLY,CLUB AMERICA VS SUB14,70.08999999999999,6062237.3100000005,86492.18590383795,84500,84490.00000000001,15,1205.5928092452564,0,7,0,6.68171,86.42694071309847,7.73105,627.22027,8.948783992010274,577.40999,41,41,82,170,41,167,41,3,3.32316,-3.56849,0,480.788,0,3,1881.66081
Karina Rodríguez,2026-07-21,MD FRIENDLY,CLUB AMERICA VS SUB14,67.36233333333332,4940729.37,73345.57942866192,129050.00000000001,129060,14,1915.7590542687064,0,5,0,7.36619,95.79394040277674,7.68962,401.7015,5.963295511339177,462.45,38,42,80,147,38,135,42,8,3.53814,-3.06185,0,385.9751,0,3,1205.1045
Kim Rodríguez,2026-07-21,MD FRIENDLY,CLUB AMERICA VS SUB14,70.08999999999999,5352656.86,76368.33870737624,73860,84860,10,1053.7879868740192,0,6,0,6.72341,88.7506237113266,7.57562,571.16176,8.148976458838638,430.50001,39,38,77,146,39,134,38,9,3.32763,-2.79812,0,422.5102,0,3,1713.4852799999999
Montse Saldivar,2026-07-21,MD FRIENDLY,CLUB AMERICA VS SUB14,70.08999999999999,6510204.470000001,92883.49935796835,111060,94360,13,1584.5341703524043,0,7,0,7.67689,97.841017856847,7.84629,584.79326,8.343462120131262,720.1899900000001,50,59,109,223,50,211,59,11,3.13393,-2.65714,0,519.12,0,3,1754.3797800000002
Nancy Antonio,2026-07-21,MD FRIENDLY,CLUB AMERICA VS SUB14,70.08999999999999,6353056.029999999,90641.40433728065,208049.99999999997,151439.99999999997,13,2968.3264374375804,0,11,0,7.61066,93.00881246234448,8.18273,498.59529000000003,7.113643743758027,793.53,62,63,125,224,62,220,63,10,3.57009,-2.67333,0,515.9006999999999,0,3,1495.7858700000002
Priscila Da silva,2026-07-21,MD FRIENDLY,CLUB AMERICA VS SUB14,67.36233333333332,6028407.590000001,89492.2620950383,148359.99999999997,94200,12,2202.4177705641628,0,11,0,7.6558,94.62621298622965,8.09057,556.93015,8.267679019432226,687.3199900000001,49,51,100,143,49,137,51,12,3.2148,-2.99016,0,1360.7959999999998,0,3,1670.79045
Scarlett Camberos,2026-07-21,MD FRIENDLY,CLUB AMERICA VS SUB14,70.08999999999999,6116474.970000001,87266.01469539166,244740,86390,8,3491.7962619489235,0,17,0,7.52911,83.0626949252954,9.06437,542.2185999999999,7.736033670994436,769.14002,68,60,128,211,68,193,60,27,3.48536,-3.37813,0,489.6521,0,3,1626.6557999999998
Sofia Ramos,2026-07-21,MD FRIENDLY,CLUB AMERICA VS SUB14,67.36233333333332,5008644.05,74353.77906545202,148770,70130,10,2208.5042580670706,0,12,0,7.38405,87.76065653654392,8.41385,439.50334,6.524467283892581,634.02,44,51,95,139,44,153,51,6,3.79747,-3.09121,0,402.01559999999995,0,3,1318.51002
Xcaret Pineda,2026-07-21,MD FRIENDLY,CLUB AMERICA VS SUB14,67.36233333333332,5576454.470000001,82782.97668825804,144630,144630,13,2147.0455793791784,0,6,0,7.21775,93.11567746646404,7.75138,447.87753,6.648782900433972,528.98999,50,56,106,167,50,177,56,23,3.63581,-2.76141,0,446.10790000000003,0,3,1343.63259
Alexa Soto,2026-07-23,PRETEMPORADA,SESION 18 CAMPEON DE CAMPEONAS,43.42133333333333,4049300.54,93256.01562979796,19570,22580.000000000004,4,450.70011668611437,0,3,0,6.41765,84.93921049078959,7.55558,389.1241,8.96158800589572,290.29001,23,34,57,147,23,143,34,4,3.19193,-0.96523,0,324.5578,0,3,1167.3723
Alondra Cabanillas,2026-07-23,PRETEMPORADA,SESION 18 CAMPEON DE CAMPEONAS,43.42133333333333,3794069.33,87378.00151999018,5720,7470,1,131.73248172941106,0,1,0,5.97674,78.59653644699797,7.60433,382.82274,8.816466713750538,265.43,35,29,64,160,35,142,29,9,3.46325,-0.69474,0,306.2857,0,3,1148.46822
Arantza Segura,2026-07-23,PRETEMPORADA,SESION 18 CAMPEON DE CAMPEONAS,43.42133333333333,4460933.409999999,102735.98407848676,29280,29280,5,674.3229134680342,0,4,0,6.33537,81.76612253747987,7.74816,424.93956,9.7864235705951,491.77,46,64,110,211,46,183,64,13,3.49423,-0.7982,0,1054.956,0,3,1274.8186799999999
Gabriela García,2026-07-23,PRETEMPORADA,SESION 18 CAMPEON DE CAMPEONAS,43.42133333333333,3838184.3,88393.97607934655,6190,5170,1,142.5566541792053,0,1,0,6.0039,76.83133296392936,7.81439,367.79766,8.470436805257018,213.25,20,22,42,123,20,123,22,6,3.35137,-1.14361,0,303.9421,0,3,1103.39298
Geyse Da Silva,2026-07-23,PRETEMPORADA,SESION 18 CAMPEON DE CAMPEONAS,43.42133333333333,3098170.18,71351.33682368115,69590,46330,7,1602.6684271940062,0,5,0,7.23686,84.57012374331413,8.55723,275.35416,6.341448750230302,306.91,30,32,62,92,30,84,32,2,4.33794,-1.19527,0,252.3045,0,3,826.0624799999999
Giana Riley,2026-07-23,PRETEMPORADA,SESION 18 CAMPEON DE CAMPEONAS,43.42133333333333,3392312.08,78125.47012221336,7330,0,0,168.81102990849354,0,1,0,6.26939,72.5737239036192,8.63865,309.66191,7.131561521218448,215.77,17,26,43,104,17,92,26,15,3.61987,-0.97489,0,272.6451,0,3,928.9857299999999
Irene Guerrero,2026-07-23,PRETEMPORADA,SESION 18 CAMPEON DE CAMPEONAS,43.42133333333333,3545634.21,81656.50241048947,0,0,0,0,0,0,0,5.77595,69.79890346133534,8.27513,322.17440999999997,7.419726325001535,182.01000000000002,25,29,54,118,25,123,29,2,3.28994,-1.04209,0,283.7261,0,3,966.5232299999999
Isa Haas,2026-07-23,PRETEMPORADA,SESION 18 CAMPEON DE CAMPEONAS,43.42133333333333,3579072.15,82426.58332309772,4370,1700,0,100.64177362893817,0,1,0,6.03094,75.72105847315899,7.96468,321.50903999999997,7.404402751335749,191.83,24,22,46,99,24,96,22,6,3.02042,-1.04251,0,281.3909,0,3,964.52712
Jana Gutiérrez,2026-07-23,PRETEMPORADA,SESION 18 CAMPEON DE CAMPEONAS,43.42133333333333,3613665.31,83223.26913038139,24540,14220,2,565.1599828041516,0,2,0,6.26548,77.73548387096774,8.06,293.60353,6.761734554443285,396.71000000000004,39,55,94,158,39,141,55,3,3.64024,-0.797,0,299.453,0,3,880.8105899999999
Karen Luna,2026-07-23,PRETEMPORADA,SESION 18 CAMPEON DE CAMPEONAS,43.42133333333333,3691194.16,85008.7704968372,17360,17360,4,399.80347601793284,0,2,0,6.66867,86.25827022202675,7.73105,371.65023,8.559162086224898,304.82,37,31,68,127,37,108,31,2,3.53218,-1.01651,0,297.8528,0,3,1114.9506900000001
Karina Rodríguez,2026-07-23,PRETEMPORADA,SESION 18 CAMPEON DE CAMPEONAS,43.42133333333333,3539945.0900000003,81525.48109992017,0,0,0,0,0,0,0,5.39655,70.17967077696949,7.68962,341.23042,7.858589172756863,259.63,33,27,60,123,33,110,27,7,3.85503,-1.10075,0,284.1538,0,3,1023.6912599999999
Kim Rodríguez,2026-07-23,PRETEMPORADA,SESION 18 CAMPEON DE CAMPEONAS,43.42133333333333,3318256.21,76419.9520205122,0,0,0,0,0,0,0,5.0456,66.60312951283196,7.57562,334.53587,7.7044126543020335,169.62,27,31,58,121,27,119,31,4,3.03177,-1.05705,0,267.4413,0,3,1003.60761
Montse Saldivar,2026-07-23,PRETEMPORADA,SESION 18 CAMPEON DE CAMPEONAS,43.42133333333333,4139410.03,95331.25107474053,53660,49539.99999999999,11,1235.798071608426,0,5,0,6.78796,86.51171445358253,7.84629,372.99407,8.590110928575816,482.83,41,43,84,162,41,146,43,12,3.39804,-0.75742,0,337.3307,0,3,1118.9822100000001
Nancy Antonio,2026-07-23,PRETEMPORADA,SESION 18 CAMPEON DE CAMPEONAS,43.42133333333333,3920074.41,90279.91793588406,18250,1660,0,420.3003132100965,0,3,0,6.18111,75.5384816558777,8.18273,293.80186,6.766302124915556,453.33999,55,73,128,184,55,173,73,3,3.29533,-1.55973,0,328.5884,0,3,881.4055799999999
Priscila Da silva,2026-07-23,PRETEMPORADA,SESION 18 CAMPEON DE CAMPEONAS,43.42133333333333,4388247.12,101062.00761530432,54310,38090,8,1250.7676718049502,0,5,0,7.24424,89.53930316405395,8.09057,458.57043,10.56094769084321,408.62999,32,37,69,135,32,120,37,6,3.6303,-1.17863,0,1003.0860000000001,0,3,1375.71129
Scarlett Camberos,2026-07-23,PRETEMPORADA,SESION 18 CAMPEON DE CAMPEONAS,43.42133333333333,3794408.29,87385.80782104036,22509.999999999996,0,0,518.4087698826997,0,2,0,6.74066,74.3643518523626,9.06437,349.43344,8.04750598784008,410.85,48,47,95,140,48,131,47,52,4.01237,-1.22781,0,306.6532,0,3,1048.30032
Sofia Ramos,2026-07-23,PRETEMPORADA,SESION 18 CAMPEON DE CAMPEONAS,43.42133333333333,3298606.04,75967.405576368,43620.00000000001,12740,2,1004.575323957502,0,6,0,7.10894,84.49092864740874,8.41385,287.4285,6.619522661671683,304.4,39,42,81,119,39,113,42,5,3.99871,-1.07581,0,271.2199,0,3,862.2855
Xcaret Pineda,2026-07-23,PRETEMPORADA,SESION 18 CAMPEON DE CAMPEONAS,43.42133333333333,3878943.13,89332.65821715901,0,0,0,0,0,0,0,5.47248,70.60007379331165,7.75138,315.90157,7.275261852852669,263.23,38,32,70,158,38,147,32,13,3.46428,-1.09874,0,312.26300000000003,0,3,947.70471
Alexa Soto,2026-07-24,PRETEMPORADA,SESIÓN 19 CAMPEON DE CAMPEONAS,49.892500000000005,3580849.77,71771.30370296136,0,0,0,0,0,0,0,5.68101,75.18959497483978,7.55558,356.4482,7.144324297239063,251.65,25,31,56,123,25,114,31,2,2.67385,-0.80838,0,284.51570000000004,0,3,1069.3446
Alondra Cabanillas,2026-07-24,PRETEMPORADA,SESIÓN 19 CAMPEON DE CAMPEONAS,49.892500000000005,3587261.3299999996,71899.81119406722,6300,9630,1,126.27148368993335,0,1,0,5.99326,78.81378109577044,7.60433,386.12367,7.739112491857493,370.72999,58,53,111,157,58,132,53,10,3.87029,-1.19193,0,296.16859999999997,0,3,1158.37101
Arantza Segura,2026-07-24,PRETEMPORADA,SESIÓN 19 CAMPEON DE CAMPEONAS,49.892500000000005,3176804.1399999997,63672.97970636868,37460,37460,6,750.8142506388735,0,3,0,6.72832,86.8376491967125,7.74816,292.4701,5.862005311419551,335.16999999999996,41,38,79,133,41,120,38,4,3.31859,-1.46719,0,747.2560000000001,0,3,877.4103
Gabriela García,2026-07-24,PRETEMPORADA,SESIÓN 19 CAMPEON DE CAMPEONAS,49.892500000000005,4052484.84,81224.32910758129,0,0,0,0,0,0,0,5.2887,67.6789870994409,7.81439,458.42167,9.18818800420905,213.98,31,29,60,163,31,160,29,17,3.31821,-1.29907,0,323.54490000000004,0,3,1375.26501
Geyse Da Silva,2026-07-24,PRETEMPORADA,SESIÓN 19 CAMPEON DE CAMPEONAS,49.892500000000005,2951188.2,59150.938517813294,43290,23560,4,867.6654807836849,0,3,0,7.30056,85.31452350819131,8.55723,259.47249,5.200631156987522,260.24,35,32,67,107,35,101,32,6,3.7009,-1.01827,0,236.83870000000002,0,3,778.41747
Giana Riley,2026-07-24,PRETEMPORADA,SESIÓN 19 CAMPEON DE CAMPEONAS,49.892500000000005,3501833.17,70187.56666833692,23250,18020,2,466.0019040938016,0,1,0,7.11279,82.33682346199927,8.63865,338.54117,6.785412035877136,289.43,40,49,89,148,40,130,49,14,3.52945,-1.78725,0,286.4617,0,3,1015.6235100000001
Irene Guerrero,2026-07-24,PRETEMPORADA,SESIÓN 19 CAMPEON DE CAMPEONAS,49.892500000000005,3332794.24,66799.50373302601,0,0,0,0,0,0,0,5.39078,65.14435422766772,8.27513,328.15823,6.577305807486095,192.07999999999998,28,28,56,125,28,117,28,3,3.70701,-1.47438,0,266.1533,0,3,984.47469
Isa Haas,2026-07-24,PRETEMPORADA,SESIÓN 19 CAMPEON DE CAMPEONAS,49.892500000000005,3259692.21,65334.31297289171,0,0,0,0,0,0,0,5.64263,70.84565858264236,7.96468,323.44017,6.48274129378163,186.39,28,27,55,99,28,94,27,5,3.70853,-1.17276,0,257.1926,0,3,970.32051
Jana Gutiérrez,2026-07-24,PRETEMPORADA,SESIÓN 19 CAMPEON DE CAMPEONAS,49.892500000000005,3608593.92,72327.38227188455,37620.00000000001,28740.000000000004,3,754.0211454627449,0,3,0,6.88995,85.48325062034738,8.06,325.85649,6.5311718194117345,352.73999,46,51,97,151,46,135,51,4,3.75606,-1.18543,0,299.929,0,3,977.56947
Karen Luna,2026-07-24,PRETEMPORADA,SESIÓN 19 CAMPEON DE CAMPEONAS,49.892500000000005,3943932.4000000004,79048.60249536503,90070,90070,12,1805.2813549130628,0,6,0,6.83601,88.42278862508974,7.73105,475.51224,9.530735882146615,385.19001,41,39,80,132,41,130,39,33,3.9147,-1.33717,0,320.537,0,3,1426.53672
Karina Rodríguez,2026-07-24,PRETEMPORADA,SESIÓN 19 CAMPEON DE CAMPEONAS,49.892500000000005,3236533.94,64870.14962168662,2240,2240,1,44.89652753419852,0,0,0,5.81121,75.57213490393544,7.68962,269.33054,5.398216966477927,228.62,37,35,72,130,37,113,35,6,3.05174,-1.16621,0,261.9162,0,3,807.99162
Kim Rodríguez,2026-07-24,PRETEMPORADA,SESIÓN 19 CAMPEON DE CAMPEONAS,49.892500000000005,2953982.88,59206.952547978144,0,0,0,0,0,0,0,5.04461,66.59006127551275,7.57562,310.02655,6.213890865360524,131.62,17,22,39,96,17,96,22,2,2.95802,-1.09019,0,233.66279999999998,0,3,930.0796499999999
Montse Saldivar,2026-07-24,PRETEMPORADA,SESIÓN 19 CAMPEON DE CAMPEONAS,49.892500000000005,3937659.6299999994,78922.87678508792,15260,12760,2,305.85759382672745,0,2,0,6.17985,78.76142737523084,7.84629,363.28584,7.28137174926091,528.41001000000006,63,60,123,170,63,140,60,9,3.40419,-1.19751,0,326.8454,0,3,1089.85752
Nancy Antonio,2026-07-24,PRETEMPORADA,SESIÓN 19 CAMPEON DE CAMPEONAS,49.892500000000005,3445828.0500000003,69065.0508593476,0,0,0,0,0,0,0,5.39287,65.90551075252392,8.18273,255.98397,5.130710427418951,266.58,39,42,81,162,39,150,42,6,3.24542,-1.19969,0,282.57529999999997,0,3,767.95191
Priscila Da silva,2026-07-24,PRETEMPORADA,SESIÓN 19 CAMPEON DE CAMPEONAS,48.508833333333335,3910681.0500000003,80617.91598093818,0,0,0,0,0,0,0,5.78084,71.45157881335926,8.09057,395.48584,8.152862330915674,396.56,46,49,95,159,46,153,49,10,3.86126,-1.65365,0,910.354,0,3,1186.45752
Scarlett Camberos,2026-07-24,PRETEMPORADA,SESIÓN 19 CAMPEON DE CAMPEONAS,49.892500000000005,3448629.09,69121.1923635817,22410,0,0,449.16570626847715,0,3,0,6.58715,72.67079786019326,9.06437,316.72108,6.348069950393344,350.84000000000003,64,47,111,148,64,124,47,12,3.79821,-1.14365,0,285.6623,0,3,950.1632399999999
Sofia Ramos,2026-07-24,PRETEMPORADA,SESIÓN 19 CAMPEON DE CAMPEONAS,49.892500000000005,3280013.15,65741.60745603046,55360,30220.000000000004,6,1109.5856090594777,0,5,0,7.30665,86.84074472447215,8.41385,273.43183,5.480419501929147,325.17,47,44,91,133,47,137,44,3,3.9945,-1.72893,0,274.7584,0,3,820.29549
Xcaret Pineda,2026-07-24,PRETEMPORADA,SESIÓN 19 CAMPEON DE CAMPEONAS,49.892500000000005,3187541.3899999997,63888.18740291626,5090,5090,1,102.01934158440646,0,1,0,5.99243,77.30791162347866,7.75138,289.11814,5.794821666583153,224.98,36,42,78,138,36,127,42,14,3.12933,-1.49289,0,258.8229,0,3,867.3544199999999
Alexa Soto,2026-07-25,PRETEMPORADA,SESIÓN 20 CAMPEON DE CAMPEONAS,71.36433333333333,3241864.3,45426.95417412059,5699.999999999999,11170,2,79.87183140037273,0,1,0,5.97068,79.0234502182493,7.55558,328.387,4.601556332995474,256.92,35,30,65,115,35,102,30,5,3.01979,0,0,252.7077,0,3,985.1610000000001
Alondra Cabanillas,2026-07-25,PRETEMPORADA,SESIÓN 20 CAMPEON DE CAMPEONAS,71.36433333333333,3232210.25,45291.67581378186,0,0,0,0,0,0,0,5.60843,73.75311171398401,7.60433,373.14691,5.228759137384221,266.05,47,30,77,119,47,103,30,6,3.60607,0,0,253.3629,0,3,1119.44073
Arantza Segura,2026-07-25,PRETEMPORADA,SESIÓN 20 CAMPEON DE CAMPEONAS,71.36433333333333,3328234.16,46637.22064710196,0,0,0,0,0,0,0,5.72835,73.93174637591376,7.74816,325.58985,4.562360983310991,369.38001,56,56,112,145,56,128,56,6,3.39312,-0.57458,0,777.146,0,3,976.76955
Gabriela García,2026-07-25,PRETEMPORADA,SESIÓN 20 CAMPEON DE CAMPEONAS,71.36433333333333,3858356.32,54065.61148659694,16110,8670,2,225.74301822105346,0,2,0,6.12435,78.37272007156028,7.81439,403.89706,5.659648750776531,317.06001,33,27,60,128,33,122,27,9,3.50249,-0.65541,0,303.3912,0,3,1211.69118
Geyse Da Silva,2026-07-25,PRETEMPORADA,SESIÓN 20 CAMPEON DE CAMPEONAS,71.36433333333333,3284257.11,46020.98774831498,13540.000000000002,6380,1,189.73063108088544,0,1,0,6.58309,76.9301514625644,8.55723,319.53361,4.477497302574115,274.72,35,38,73,95,35,97,38,16,3.90726,-0.5659,0,252.84419999999997,0,3,958.6008300000001
Giana Riley,2026-07-25,PRETEMPORADA,SESIÓN 20 CAMPEON DE CAMPEONAS,71.36433333333333,3042924.96,42639.2963805449,0,0,0,0,0,0,0,5.66998,65.63502399101712,8.63865,309.39056,4.335366779857352,221.51000000000002,32,31,63,102,32,97,31,10,3.89056,-0.45998,0,238.78820000000002,0,3,928.1716799999999
Irene Guerrero,2026-07-25,PRETEMPORADA,SESIÓN 20 CAMPEON DE CAMPEONAS,71.36433333333333,3395852.9899999998,47584.736399602036,12280,810,0,172.074752560803,0,2,0,6.2423,75.43446447366989,8.27513,325.51802,4.561354458109326,297.69,31,44,75,114,31,108,44,5,3.51905,-0.22764,0,267.27959999999996,0,3,976.5540599999999
Isa Haas,2026-07-25,PRETEMPORADA,SESIÓN 20 CAMPEON DE CAMPEONAS,71.36433333333333,3503293.21,49090.253441261506,9050,5610,2,126.81404810059179,0,1,0,6.54446,82.16852403360838,7.96468,354.87013,4.972653893401466,212.66,32,38,70,99,32,103,38,8,3.20776,-0.5236,0,273.02029999999996,0,3,1064.61039
Jana Gutiérrez,2026-07-25,PRETEMPORADA,SESIÓN 20 CAMPEON DE CAMPEONAS,71.36433333333333,2993819.23,41951.19733013223,0,0,0,0,0,0,0,5.72249,70.998635235732,8.06,288.40017,4.041236798961199,281.12,37,45,82,106,37,102,45,5,3.72722,-0.67021,0,239.6184,0,3,865.20051
Karen Luna,2026-07-25,PRETEMPORADA,SESIÓN 20 CAMPEON DE CAMPEONAS,71.36433333333333,4251422.899999999,59573.4970316638,4780,4780,1,66.98023756031257,0,1,0,6.14523,79.48765044851605,7.73105,479.69053,6.721712480090428,309.99,44,40,84,136,44,126,40,66,3.92833,-1.05397,0,295.69329999999997,0,3,1439.07159
Karina Rodríguez,2026-07-25,PRETEMPORADA,SESIÓN 20 CAMPEON DE CAMPEONAS,71.36433333333333,3147300.8800000004,44101.87460589557,0,0,0,0,0,0,0,5.36525,69.77262855641762,7.68962,282.39264,3.957055672067746,222.16,36,26,62,106,36,103,26,7,3.47872,-0.5676,0,248.6799,0,3,847.1779199999999
Kim Rodríguez,2026-07-25,PRETEMPORADA,SESIÓN 20 CAMPEON DE CAMPEONAS,71.36433333333333,2622374.08,36746.28427832764,0,0,0,0,0,0,0,5.34047,70.49548419799304,7.57562,330.86251,4.636244669372656,135.9,22,21,43,84,22,78,21,4,3.302,-0.48895,0,194.4537,0,3,992.58753
Montse Saldivar,2026-07-25,PRETEMPORADA,SESIÓN 20 CAMPEON DE CAMPEONAS,71.36433333333333,4145255.58,58085.81663109023,0,0,0,0,0,0,0,5.77643,73.61988914506092,7.84629,394.81197000000003,5.532343000471758,484.69,51,57,108,142,51,141,57,15,3.42091,-0.71443,0,331.8392,0,3,1184.4359100000001
Nancy Antonio,2026-07-25,PRETEMPORADA,SESIÓN 20 CAMPEON DE CAMPEONAS,71.36433333333333,3135743.36,43939.92367802777,0,0,0,0,0,0,0,5.23915,64.0269201110143,8.18273,241.19336,3.3797465587384923,232.48000000000002,32,44,76,122,32,114,44,5,3.70805,-0.85728,0,246.9705,0,3,723.5800800000001
Priscila Da silva,2026-07-25,PRETEMPORADA,SESIÓN 20 CAMPEON DE CAMPEONAS,71.36433333333333,3999625.89,56045.165745727325,25080.000000000004,15610,2,351.43605816164006,0,2,0,6.39539,79.04745895530229,8.09057,398.07279,5.578035573325611,356.26,48,43,91,131,48,136,43,13,3.67046,-0.49512,0,896.8539999999999,0,3,1194.21837
Scarlett Camberos,2026-07-25,PRETEMPORADA,SESIÓN 20 CAMPEON DE CAMPEONAS,71.36433333333333,3289893.17,46099.96361394347,8880,0,0,124.43190576058068,0,2,0,6.04757,66.71803997409637,9.06437,308.0662,4.3168090502725445,250.35999999999999,38,36,74,95,38,86,36,44,3.66,-1.09736,0,233.27360000000002,0,3,924.1985999999999
Sofia Ramos,2026-07-25,PRETEMPORADA,SESIÓN 20 CAMPEON DE CAMPEONAS,71.36433333333333,3004922.09,42106.77728837467,3440,0,0,48.203350880224946,0,1,0,5.90822,70.22017269145516,8.41385,286.51164,4.014773579706016,276.25,40,44,84,94,40,97,44,10,4.02497,-0.77325,0,240.8294,0,3,859.53492
Xcaret Pineda,2026-07-25,PRETEMPORADA,SESIÓN 20 CAMPEON DE CAMPEONAS,71.36433333333333,3274116.27,45878.88819344864,0,0,0,0,0,0,0,5.75215,74.20807649734628,7.75138,312.48061,4.3786664206676535,258.67,44,41,85,139,44,126,41,14,3.13817,-0.48617,0,262.0968,0,3,937.44183
Gabriela García,2026-07-26,PRETEMPORADA,C.C.26 CLUB AMERICA VS TIGRES,103.9825,9804686.52,94291.69831462024,89110,72070,11,856.9711249489096,0,6,0,7.7071,98.627020151285,7.81439,867.04514,8.338375592046738,802.1100100000001,66,65,131,259,66,273,65,9,3.3908,-4.10766,0,775.8331000000001,0,3,2601.1354199999996
Geyse Da Silva,2026-07-26,PRETEMPORADA,C.C.26 CLUB AMERICA VS TIGRES,103.9825,8112504.39,78017.97792897843,488480,275480,43,4697.713557569783,0,36,0,8.03488,93.8958050677614,8.55723,694.14581,6.675602240761666,1194.6599700000002,80,81,161,194,80,182,81,26,4.30847,-5.02995,0,665.9275,0,3,2082.43743
Irene Guerrero,2026-07-26,PRETEMPORADA,C.C.26 CLUB AMERICA VS TIGRES,103.9825,9924778.81,95446.6262111413,144360,57330,8,1388.3105330223837,0,11,0,7.35871,88.92561204476546,8.27513,894.85019,8.605776837448609,1130.4599699999999,80,116,196,281,80,303,116,18,3.79518,-4.29572,0,802.6501,0,3,2684.55057
Isa Haas,2026-07-26,PRETEMPORADA,C.C.26 CLUB AMERICA VS TIGRES,103.9825,8024179.930000001,77168.561344457,223450,180930,28,2148.9192893034883,0,13,0,7.96468,100,7.96468,649.08667,6.242268362464838,728.55002,51,55,106,162,51,160,55,8,3.78954,-4.36211,0,636.6443999999999,0,3,1947.26001
Jana Gutiérrez,2026-07-26,PRETEMPORADA,C.C.26 CLUB AMERICA VS TIGRES,84.60266666666666,6614712.41,78185.62547279835,147990,127530,14,1749.2356426905378,0,7,0,7.18462,89.13920595533497,8.06,541.41025,6.399446628947866,710.21,62,74,136,193,62,194,74,13,3.79604,-3.33874,0,533.7241,0,3,1624.2307500000002
Karen Luna,2026-07-26,PRETEMPORADA,C.C.26 CLUB AMERICA VS TIGRES,103.9825,9222847.66,88696.15233332531,227910.00000000003,227920.00000000003,40,2191.811122063809,0,16,0,7.19052,93.00832357829792,7.73105,766.8168000000001,7.3744793595076095,943.07998,56,59,115,212,56,211,59,13,3.73346,-3.83182,0,732.8552,0,3,2300.4504
Kim Rodríguez,2026-07-26,PRETEMPORADA,C.C.26 CLUB AMERICA VS TIGRES,103.9825,8088071.78,77783.00944870531,148620,155640,22,1429.278965210492,0,7,0,7.57562,100,7.57562,631.60217,6.074119875940663,612.1499799999999,57,55,112,208,57,184,55,10,3.33968,-3.19378,0,638.715,0,3,1894.80651
Montse Saldivar,2026-07-26,PRETEMPORADA,C.C.26 CLUB AMERICA VS TIGRES,81.51299999999999,7694653.81,94397.87285463669,208190,170140,26,2554.071129758444,0,16,0,7.84629,100,7.84629,677.34818,8.309695140652412,1139.34998,72,74,146,215,72,206,74,18,3.24237,-4.68996,0,625.6656,0,3,2032.0445399999999
Nancy Antonio,2026-07-26,PRETEMPORADA,C.C.26 CLUB AMERICA VS TIGRES,103.9825,10177894.04,97880.83610222873,203649.99999999997,101640.00000000001,12,1958.5026326545328,0,16,0,6.50639,79.51368308620718,8.18273,758.07731,7.290431659173419,1302.15002,99,127,226,330,99,312,127,11,3.55073,-4.65278,0,833.6132,0,3,2274.23193
Priscila Da silva,2026-07-26,PRETEMPORADA,C.C.26 CLUB AMERICA VS TIGRES,24.399833333333333,2615241.21,107182.74892588065,92759.99999999999,63319.99999999999,12,3801.665311921529,0,6,0,7.65013,94.556131397417,8.09057,251.01419,10.287537073340665,372.48001,29,23,52,68,29,69,23,6,3.90149,-4.69328,0,607.556,0,3,753.0425700000001
Scarlett Camberos,2026-07-26,PRETEMPORADA,C.C.26 CLUB AMERICA VS TIGRES,103.9825,9434735.840000002,90733.88156660978,306290.01,64069.99999999999,10,2945.591902483591,0,27,0,7.43301,82.00249989795209,9.06437,793.77832,7.633768374486092,1128.1699800000001,99,103,202,257,99,245,103,28,4.27234,-4.01966,0,768.7925,0,3,2381.33496
Sofia Ramos,2026-07-26,PRETEMPORADA,C.C.26 CLUB AMERICA VS TIGRES,24.167666666666666,2272976.0700000003,94050.29047073916,81070,64530,8,3354.4818835082688,0,4,0,7.55008,89.73395056959657,8.41385,185.52931,7.676757237631547,272.07001,20,21,41,53,20,61,21,0,3.99318,-4.61811,0,183.7654,0,3,556.58793
Alexa Soto,2026-07-30,AP26,SESIÓN 21,43.397666666666666,4060523.1399999997,93565.47141551388,28330,56230,4,652.8000737366832,0,2,0,6.02283,79.7136685734252,7.55558,406.73882000000003,9.372366102632247,466.38001,40,33,73,146,40,135,33,6,3.00037,-1.44262,0,327.2108,0,3,1220.21646
Alondra Cabanillas,2026-07-30,AP26,SESIÓN 21,41.51466666666667,3983281.32,95948.77280318602,67700,88039.99999999999,8,1630.7489722507707,0,4,0,6.31408,83.03269321557586,7.60433,414.33159,9.98036653712744,410.90999999999997,44,45,89,164,44,156,45,5,3.56416,-1.43245,0,325.087,0,3,1242.99477
Arantza Segura,2026-07-30,AP26,SESIÓN 21,41.51466666666667,4250495.79,102385.40090249229,201600,201619.99999999997,20,4856.115107913669,0,9,0,7.0746,91.30683930120183,7.74816,421.09053,10.143175022482014,605.85,61,55,116,206,61,188,55,8,3.38641,-1.79171,0,1008.9459999999999,0,3,1263.27159
Aylin Aviléz,2026-07-30,READAPTACION,AYLÍN REHAB,32.15116666666667,3103481.99,96527.8187935119,3290,1580,0,102.32910158781173,0,1,0,6.06208,76.21346529076901,7.95408,333.26849,10.365673303716298,175.63,21,4,25,69,21,59,4,2,3.52747,-1.9398,0,240.39050000000003,0,3,999.80547
Bruna Villamala,2026-07-30,READAPTACION,REHAB BRUNA,6.919833333333333,510385.99,73756.97728750693,0,0,0,0,0,0,0,5.56169,74.85450874831763,7.43,49.74137,7.18823237553891,34.8,6,4,10,12,6,11,4,1,3.69963,-4.10733,0,118.304,0,3,149.22411
Gabriela García,2026-07-30,AP26,SESIÓN 21,39.55,3605950.3,91174.47029077118,2720,1620,1,68.77370417193427,0,1,0,5.95723,76.23410144617814,7.81439,384.17184,9.713573704171933,296.4,27,34,61,136,27,118,34,8,3.43263,-0.95258,0,291.6893,0,3,1152.51552
Geyse Da Silva,2026-07-30,AP26,SESIÓN 21,39.55,2987915.98,75547.81238938053,101450,60340,10,2565.107458912769,0,7,0,7.38896,86.34756807985761,8.55723,269.47149,6.813438432364097,326.5,34,34,68,91,34,95,34,5,4.24961,-1.01544,0,245.8414,0,3,808.41447
Giana Riley,2026-07-30,AP26,SESIÓN 21,43.397666666666666,4006544.98,92321.66813884003,191980.01,50240,6,4423.740370065979,0,7,0,7.09477,82.12822605383943,8.63865,371.25672,8.5547622376011,467.01001,36,35,71,141,36,134,35,9,4.40894,-1.70466,0,323.533,0,3,1113.77016
Irene Guerrero,2026-07-30,AP26,SESIÓN 21,39.55,3570531.32,90278.9208596713,9490,2820,1,239.9494310998736,0,1,0,6.30221,76.15844101542815,8.27513,322.93667,8.16527610619469,307.40999999999997,36,33,69,142,36,139,33,4,3.00747,-1.38409,0,289.1441,0,3,968.8100099999999
Isa Haas,2026-07-30,AP26,SESIÓN 21,39.55,3291357.06,83220.1532237674,23440,18730,4,592.6675094816688,0,2,0,7.05265,88.5490691402542,7.96468,333.82474,8.440574968394438,201.13,21,22,43,103,21,106,22,4,3.32795,-1.32673,0,262.0002,0,3,1001.4742200000001
Jana Gutiérrez,2026-07-30,AP26,SESIÓN 21,39.55,3223075.94,81493.70265486726,25580,17480,2,646.7762326169407,0,2,0,6.33814,78.63697270471464,8.06,281.40694,7.115219721871051,270.79,27,40,67,139,27,138,40,5,4.0926,-1.19655,0,265.8719,0,3,844.22082
Karen Luna,2026-07-30,AP26,SESIÓN 21,39.55,3400450.19,85978.51302149179,10920,10920,2,276.1061946902655,0,1,0,6.33357,81.9238007773847,7.73105,380.60922,9.623494816687737,327.09,44,38,82,133,44,125,38,4,3.04738,-1.50638,0,278.0631,0,3,1141.82766
Karina Rodríguez,2026-07-30,AP26,SESIÓN 21,39.55,3071441.1100000003,77659.69936788877,3410,3410,1,86.21997471554994,0,1,0,5.8715,76.35617884888981,7.68962,234.05693,5.918000758533502,198.32,31,16,47,119,31,107,16,9,3.09727,-1.07833,0,245.8799,0,3,702.17079
Kim Rodríguez,2026-07-30,AP26,SESIÓN 21,43.397666666666666,3198123.4899999998,73693.44334948884,1690,3760,1,38.942185831803556,0,0,0,5.85572,77.29690771184404,7.57562,364.92486,8.408859001636033,166.33,20,27,47,113,20,102,27,13,3.26521,0,0,458.9431,0,3,1094.77458
Montse Saldivar,2026-07-30,AP26,SESIÓN 21,39.55,3828345.3099999996,96797.6058154235,82340,69550,10,2081.9216182048044,0,6,0,6.89873,87.92346446537152,7.84629,340.91416,8.619827054361568,510.34001,50,49,99,161,50,148,49,7,3.49004,-1.09895,0,318.7793,0,3,1022.7424799999999
Nancy Antonio,2026-07-30,AP26,SESIÓN 21,39.55,3853444.38,97432.22199747156,0,0,0,0,0,0,0,5.62489,68.74099475358469,8.18273,278.0663,7.030753476611885,313.03000000000003,40,46,86,157,40,150,46,1,3.31072,-1.63862,0,315.3752,0,3,834.1989000000001
Priscila Da silva,2026-07-30,AP26,SESIÓN 21,41.51466666666667,4287819.7,103284.45448997944,202170,80890,10,4869.8451952723535,0,9,0,6.85744,84.7584286397621,8.09057,424.28016,10.220006423432682,598.9100099999999,55,57,112,153,55,160,57,8,3.45861,-1.62982,0,1001.17,0,3,1272.84048
Scarlett Camberos,2026-07-30,AP26,SESIÓN 21,39.55,3618722.4,91497.40581542352,77550,8469.999999999998,2,1960.809102402023,0,7,0,6.92788,76.4298015195761,9.06437,355.42168000000004,8.986641719342606,462.68,58,57,115,163,58,141,57,7,3.77169,-0.9347,0,307.594,0,3,1066.2650400000002
Sofia Ramos,2026-07-30,AP26,SESIÓN 21,41.51466666666667,3514578.18,84658.71129881809,158770,4410,0,3824.431526207605,0,8,0,6.32207,75.13884844631174,8.41385,327.33268,7.884747880267214,562.23002,61,54,115,144,61,153,54,7,3.93554,-2.00864,0,296.52770000000004,0,3,981.99804
Xcaret Pineda,2026-07-30,AP26,SESIÓN 21,43.397666666666666,4359812.2700000005,100461.90509474397,176710,176710,7,4071.8779043420154,0,6,0,6.25306,80.67028064680095,7.75138,432.653,9.96949912821734,502.50998999999996,42,45,87,171,42,174,45,14,3.81522,-1.24125,0,353.5308,0,3,1297.959
Alexa Soto,2026-07-31,AP26,SESIÓN 22,50.811166666666665,3047386.18,59974.73350674229,0,0,0,0,0,0,0,5.46882,72.38120700197734,7.55558,301.12684,5.926390983609246,304.83,42,50,92,121,42,123,50,13,3.81087,0,0,251.5282,0,3,903.38052
Alondra Cabanillas,2026-07-31,AP26,SESIÓN 22,50.811166666666665,3709604.19,73007.65625666274,5610,6240,2,110.40880121495603,0,1,0,6.17081,81.14863505397582,7.60433,405.10998,7.972853342605136,396.15000000000003,64,62,126,181,64,171,62,6,3.59294,-1.24254,0,310.16159999999996,0,3,1215.32994
Arantza Segura,2026-07-31,AP26,SESIÓN 22,50.811166666666665,3717409.2399999998,73161.26520745111,15400,15400,2,303.0829837273303,0,2,0,6.20334,80.0621050675257,7.74816,368.51855,7.252707902134373,553.79998,79,68,147,182,79,190,68,11,3.97908,-0.54518,0,907.666,0,3,1105.55565
Aylin Aviléz,2026-07-31,READAPTACION,REHAB AYLÍN,30.357333333333333,2744986.1500000004,90422.50581957134,200410,139170.00000000003,9,6601.699754040759,0,8,0,6.70156,84.25311286786152,7.95408,305.04994999999997,10.048641184996486,437.26,34,16,50,52,34,47,16,2,3.32417,-2.14935,0,212.4934,0,3,915.1498499999999
Gabriela García,2026-07-31,AP26,SESIÓN 22,50.811166666666665,2946653.45,57992.24153483323,0,0,0,0,0,0,0,5.40132,69.12017444739769,7.81439,366.11731,7.205449786300255,254.8,38,33,71,111,38,112,33,10,3.71723,-0.89161,0,240.5746,0,3,1098.3519299999998
Geyse Da Silva,2026-07-31,AP26,SESIÓN 22,50.811166666666665,3172216.9200000004,62431.49150285207,4380,0,0,86.2015239432277,0,1,0,5.97341,69.80541600494551,8.55723,298.43581,5.873429593888483,450.16999,64,58,122,130,64,127,58,14,4.39383,0,0,267.2691,0,3,895.3074300000001
Giana Riley,2026-07-31,AP26,SESIÓN 22,50.811166666666665,3002033.3000000003,59082.15648135089,21740.000000000004,0,0,427.85870559949103,0,3,0,6.48104,75.02375949945883,8.63865,296.28981,5.831194783298947,328.40999999999997,34,41,75,128,34,121,41,12,3.70716,0,0,251.643,0,3,888.86943
Irene Guerrero,2026-07-31,AP26,SESIÓN 22,34.9465,2082195.8800000001,59582.38679123804,0,0,0,0,0,0,0,4.82414,58.29684850872433,8.27513,218.62921,6.256111770849728,209.61,44,34,78,99,44,96,34,5,3.26283,-1.11707,0,173.5111,0,3,655.88763
Isa Haas,2026-07-31,AP26,SESIÓN 22,50.811166666666665,3233700.8499999996,63641.53909737688,18230,8290,1,358.77940216553446,0,2,0,6.34019,79.60382589131014,7.96468,341.31959,6.717412970246042,268.55,33,34,67,109,33,107,34,12,3.982,0,0,259.6307,0,3,1023.95877
Jana Gutiérrez,2026-07-31,AP26,SESIÓN 22,50.811166666666665,3336396.6599999997,65662.66588381163,13810,9840,2,271.79064969314487,0,2,0,6.19128,76.81488833746897,8.06,294.23813,5.7908162575811755,420.94999,58,60,118,148,58,142,60,7,4.00282,-0.87977,0,282.5732,0,3,882.7143900000001
Karen Luna,2026-07-31,AP26,SESIÓN 22,50.811166666666665,3098867.17,60987.916107679746,22910,22910,4,450.8851400774764,0,2,0,6.63341,85.80218728374541,7.73105,404.33414,7.957584258053512,387.90999999999997,55,50,105,123,55,124,50,12,3.90633,0,0,256.3554,0,3,1213.00242
Karina Rodríguez,2026-07-31,AP26,SESIÓN 22,50.811166666666665,3250484.05,63971.844443642636,7790,7790,2,153.31275605427942,0,1,0,5.96078,77.51722451824668,7.68962,281.7794,5.545619565253046,397.96999999999997,59,53,112,130,59,114,53,8,3.90705,-0.51753,0,271.5706,0,3,845.3382
Kim Rodríguez,2026-07-31,AP26,SESIÓN 22,50.811166666666665,2584360.43,50862.05650332769,0,0,0,0,0,0,0,5.54793,73.23400592954769,7.57562,333.99173,6.5731954590034345,284.22,45,44,89,109,45,102,44,9,3.71775,0,0,215.58390000000003,0,3,1001.9751900000001
Montse Saldivar,2026-07-31,AP26,SESIÓN 22,50.811166666666665,3698241.2600000002,72784.02568989102,17740,14799.999999999998,3,349.13585268330127,0,3,0,6.32528,80.6149148196154,7.84629,380.74492,7.493331583936602,473.28000000000003,52,57,109,135,52,133,57,20,3.85162,0,0,305.8076,0,3,1142.2347599999998
Nancy Antonio,2026-07-31,AP26,SESIÓN 22,50.811166666666665,3069670.8400000003,60413.31150960911,0,0,0,0,0,0,0,5.49191,67.1158647541835,8.18273,248.51388,4.890930405717904,380.46999999999997,63,52,115,152,63,148,52,6,3.74352,-1.12547,0,262.0828,0,3,745.54164
Priscila Da silva,2026-07-31,AP26,SESIÓN 22,50.811166666666665,3588218.9499999997,70618.70815798364,48160,20810,2,947.8231491109239,0,4,0,6.37203,78.75872775342158,8.09057,407.85761,8.026928660694665,439.82,66,58,124,157,66,150,58,9,4.07787,-1.98382,0,860.6080000000001,0,3,1223.57283
Sarah Luebbert,2026-07-31,READAPTACION,READAPTACION SARAH,41.467166666666664,4090630.74,98647.46180713257,21000,0,0,506.4247617593036,0,3,0,5.92948,66.24791630355602,8.95044,431.51979,10.4063003259607,439.77999,14,30,44,102,14,75,30,2,3.65219,-2.73128,0,319.6571,0,3,1294.55937
Scarlett Camberos,2026-07-31,AP26,SESIÓN 22,50.811166666666665,3395126.9299999997,66818.51948554616,62600,2889.9999999999995,0,1232.0126481383686,0,7,0,6.8506,75.57723261517347,9.06437,347.50052,6.839058081064858,517.32001,63,64,127,137,63,137,64,60,3.84331,-1.61784,0,285.327,0,3,1042.50156
Sofia Ramos,2026-07-31,AP26,SESIÓN 22,50.811166666666665,3073684.84,60492.3098925105,14510,4390,1,285.56714895347807,0,2,0,6.41261,76.21493133345615,8.41385,296.86597,5.842534023032995,415.14,59,68,127,135,59,134,68,8,3.81176,0,0,262.3607,0,3,890.59791
Xcaret Pineda,2026-07-31,AP26,SESIÓN 22,50.811166666666665,3320131.2800000003,65342.55160447015,12800,12800,1,251.913129331807,0,1,0,6.12295,78.99174082550462,7.75138,317.74626,6.253473022662342,340.02,46,40,86,140,46,131,40,14,3.93943,-1.54979,0,275.4556,0,3,953.23878
Alexa Soto,2026-08-01,AP26,SESIÓN 23,46.655166666666666,4125952.34,88435.05735341924,69030,78200,8,1479.5788962279992,0,4,0,7.43272,98.37391702556256,7.55558,430.68419,9.231221765363607,459.20000000000005,43,47,90,167,43,161,47,5,3.65559,-2.36693,0,337.29290000000003,0,3,1292.05257
Aylin Aviléz,2026-08-01,READAPTACION,REHAB AYLÍN Y SARAH,36.5435,3445749.0900000003,94291.70960635955,0,0,0,0,0,0,0,5.2121,65.52737714481121,7.95408,362.57552,9.921751337447152,159.77,21,11,32,68,21,54,11,12,3.05177,-1.9922,0,261.50669999999997,0,3,1087.72656
Gabriela García,2026-08-01,AP26,SESIÓN 23,46.655166666666666,4164883.1499999994,89269.49462546126,87450,80060,11,1874.3904747955746,0,4,0,7.35619,94.13645850795774,7.81439,430.8131,9.23398480339798,443.88000999999997,54,54,108,167,54,167,54,12,3.31454,-2.36013,0,341.096,0,3,1292.4393
Geyse Da Silva,2026-08-01,AP26,SESIÓN 23,46.655166666666666,3457074.2,74098.42139670133,187270,94890.00000000001,13,4013.9177154370186,0,14,0,7.57223,88.48926580213457,8.55723,337.57393,7.235510107848006,488.52,43,46,89,122,43,118,46,9,4.10878,-2.11655,0,288.6562,0,3,1012.72179
Giana Riley,2026-08-01,AP26,SESIÓN 23,46.655166666666666,3647487.1,78179.70356980828,144590,85090,9,3099.1208547820715,0,7,0,8.04787,93.16119995601164,8.63865,333.51381,7.148486091215335,459.64,57,48,105,139,57,122,48,16,4.11964,-1.41038,0,302.582,0,3,1000.54143
Irene Guerrero,2026-08-01,AP26,SESIÓN 23,46.655166666666666,3996586.37,85662.24612493794,83910.00000000001,56870,3,1798.5146339633698,0,5,0,7.05994,85.31515516976772,8.27513,403.45969,8.6476958250426,504.09001,56,60,116,173,56,174,60,14,3.32928,-2.57772,0,333.7719,0,3,1210.37907
Isa Haas,2026-08-01,AP26,SESIÓN 23,46.655166666666666,3822095.1300000004,81922.22647723905,138140,121899.99999999999,19,2960.8725007233925,0,8,0,7.68007,96.42659843207761,7.96468,371.37496999999996,7.959996642029642,435.52,38,35,73,110,38,113,35,2,3.39326,-2.04978,0,308.27230000000003,0,3,1114.12491
Jana Gutiérrez,2026-08-01,AP26,SESIÓN 23,46.655166666666666,3887040.3100000005,83314.25194065682,99100,84710.00000000001,9,2124.0948662348937,0,6,0,7.2426,89.85856079404466,8.06,335.14569,7.183463567807781,578.95,57,73,130,166,57,170,73,7,3.72119,-2.38908,0,328.95169999999996,0,3,1005.43707
Karen Luna,2026-08-01,AP26,SESIÓN 23,46.655166666666666,3737567.96,80110.48351200832,85620,85610.00000000001,12,1835.1665231789264,0,4,0,7.61012,98.43578815296759,7.73105,433.78652,9.29771665160343,460.01,50,44,94,124,50,136,44,7,3.54519,-2.28301,0,304.8101,0,3,1301.3595599999999
Karina Rodríguez,2026-08-01,AP26,SESIÓN 23,46.655166666666666,3913890.98,83889.76526358281,88509.99999999999,88490.00000000001,10,1897.110359338551,0,5,0,6.85086,89.09230885271315,7.68962,336.42093,7.210796874944183,481.2,56,49,105,162,56,143,49,12,3.64706,-1.67537,0,321.7844,0,3,1009.26279
Kim Rodríguez,2026-08-01,AP26,SESIÓN 23,46.655166666666666,3324462.23,71256.0358802705,40900,47589.99999999999,8,876.6446017054203,0,3,0,6.65872,87.8967002040757,7.57562,339.62951,7.279569108101639,316.01,33,37,70,123,33,114,37,3,3.4795,-1.38331,0,272.2636,0,3,1018.88853
Montse Saldivar,2026-08-01,AP26,SESIÓN 23,46.655166666666666,4416372.470000001,94659.87982752894,82600.00000000001,70710,8,1770.4362860847855,0,4,0,7.33014,93.42173179935995,7.84629,409.17084,8.770107776559223,619.40999,74,60,134,183,74,178,60,21,3.46402,-1.7981,0,367.2235,0,3,1227.51252
Nancy Antonio,2026-08-01,AP26,SESIÓN 23,46.655166666666666,4248907.94,91070.46965144984,109730,82940,8,2351.9367272649333,0,6,0,7.7625,94.86442788653665,8.18273,321.84651,6.8984108941131925,648.80001,70,71,141,209,70,206,71,7,3.88324,-2.18675,0,362.71340000000004,0,3,965.53953
Priscila Da silva,2026-08-01,AP26,SESIÓN 23,46.655166666666666,4370449.02,93675.56333525047,169300,125100,20,3628.751370873537,0,9,0,8.07502,99.80780093367959,8.09057,438.89516000000003,9.407214492142707,666.16999,66,59,125,173,66,166,59,10,4.08656,-1.87236,0,1047.272,0,3,1316.68548
Sarah Luebbert,2026-08-01,READAPTACION,REHAB AYLÍN Y SARAH,38.5565,3043744.14,78942.43875870477,232290.00000000003,34089.99999999999,3,6024.6651018635,0,6,0,7.67943,85.7994690763806,8.95044,304.38337,7.894476158364998,513.6,42,12,54,68,42,62,12,0,3.84612,-1.88807,0,239.8515,0,3,913.15011
Scarlett Camberos,2026-08-01,AP26,SESIÓN 23,46.655166666666666,4072702.99,87293.71859493948,113920,46080,5,2441.744572769718,0,9,0,8.15632,89.98220505120598,9.06437,406.44446,8.711670947483487,561.64,70,67,137,173,70,174,67,77,4.20349,-2.84896,0,339.6596,0,3,1219.33338
Sofia Ramos,2026-08-01,AP26,SESIÓN 23,46.655166666666666,3647582.1300000004,78181.74042889141,126870,87650,12,2719.3129735541975,0,8,0,7.69052,91.403103216720055,8.41385,333.03792,7.138285934748206,524.37001,61,67,128,152,61,152,67,10,3.99266,-2.33635,0,307.9867,0,3,999.11376
Xcaret Pineda,2026-08-01,AP26,SESIÓN 23,46.655166666666666,4175873.1099999994,89505.05181634045,118970,118970,13,2549.985532148994,0,4,0,7.62814,98.41008955824641,7.75138,359.17988,7.698608871471899,463.8,41,47,88,176,41,168,47,18,3.68111,-2.06813,0,343.51939999999996,0,3,1077.53964
Alexa Soto,2026-08-02,AP26,SESION 24,36.44566666666667,2377067.4,65222.22303520308,8270,9360,2,226.91312181603666,0,1,0,6.23641,82.54045354559148,7.55558,250.92925,6.885022910817015,244.7,35,35,70,99,35,94,35,6,3.58249,-1.66528,0,195.874,0,3,752.78775
Alondra Cabanillas,2026-08-02,AP26,SESION 24,9.135833333333332,453081.98000000004,49593.941074523405,0,0,0,0,0,0,0,5.07531,66.74236915020784,7.60433,48.66914,5.327279759190003,29.95,6,6,12,17,6,17,6,1,3.7125,-1.79737,0,35.7791,0,3,146.00742
Arantza Segura,2026-08-02,AP26,SESION 24,9.135833333333332,488017.98,53418.00383106814,0,0,0,0,0,0,0,4.98196,64.29862057572379,7.74816,48.69067,5.329636413390496,35.76,6,4,10,14,6,15,4,4,3.18914,-1.67641,0,111.378,0,3,146.07200999999998
Aylin Aviléz,2026-08-02,READAPTACION,REHAB AYLÍN,18.142166666666665,1483492.1300000001,81770.39475255621,0,0,0,0,0,0,0,4.6544,58.515881157846025,7.95408,169.72365,9.3552028882989,79.11,19,3,22,38,19,36,3,3,2.88982,-0.76438,0,112.83439999999999,0,3,509.17094999999995
Gabriela García,2026-08-02,AP26,SESION 24,36.44566666666667,2331601.04,63974.71231147736,0,0,0,0,0,0,0,5.76747,73.80576091032057,7.81439,215.01121,5.899499986280948,159.17,21,24,45,83,21,75,24,4,3.35708,-1.82284,0,187.93040000000002,0,3,645.03363
Geyse Da Silva,2026-08-02,AP26,SESION 24,36.44566666666667,1990839.92,54624.873190228376,15290,4410,1,419.52861336967356,0,2,0,6.54827,76.5232440871637,8.55723,181.40953,4.97753358881257,177.93,20,20,40,68,20,67,20,5,3.72408,-1.22991,0,161.0959,0,3,544.2285899999999
Giana Riley,2026-08-02,AP26,SESION 24,36.44566666666667,2385399.2,65450.8318318593,18850,0,0,517.208264356988,0,1,0,6.43441,74.48397608422613,8.63865,226.31699,6.209709156095375,206.24,27,23,50,85,27,86,23,8,3.65107,-1.67864,0,194.49290000000002,0,3,678.95097
Irene Guerrero,2026-08-02,AP26,SESION 24,36.44566666666667,2532530,69487.82205474816,11870.000000000002,0,0,325.69029697174796,0,2,0,6.02601,72.82072910032834,8.27513,257.0154,7.052015328754218,309.64,41,46,87,102,41,108,46,5,4.18335,-2.05445,0,214.1181,0,3,771.0462
Isa Haas,2026-08-02,AP26,SESION 24,36.44566666666667,2236297.12,61359.7534229035,0,0,0,0,0,0,0,5.57587,55.758700000000005,10,221.74877,6.084365859681535,0,0,0,0,0,0,0,0,0,3.1436,-1.69951,0,0,0,3,665.24631
Jana Gutiérrez,2026-08-02,AP26,SESION 24,36.44566666666667,2507722.13,68807.14113246201,0,0,0,0,0,0,0,5.6524,70.12903225806451,8.06,233.02686,6.393815268390389,333.09001,38,45,83,102,38,105,45,6,3.71756,-1.64825,0,210.9954,0,3,699.08058
Karen Luna,2026-08-02,AP26,SESION 24,36.44566666666667,2669043.17,73233.48463923465,4160,4160,0,114.14251351326632,0,0,0,5.93363,76.75063542468358,7.73105,300.06547,8.23322763565856,261.87,37,33,70,102,37,96,33,36,3.83452,-1.80626,0,212.3828,0,3,900.19641
Karina Rodríguez,2026-08-02,AP26,SESION 24,36.44566666666667,2082418.31,57137.61059842505,3280,3280,1,89.9969818085369,0,1,0,5.96172,77.52944878940701,7.68962,181.26395,4.97353914960169,185.32,33,23,56,108,33,87,23,5,3.10943,-1.09425,0,170.71949999999998,0,3,543.79185
Kim Rodríguez,2026-08-02,AP26,SESION 24,36.44566666666667,1828971.1600000001,50183.50128501788,0,1030,0,0,0,0,0,5.71032,75.3775928570863,7.57562,207.74229,5.700054601827378,149.38,24,25,49,81,24,70,25,4,3.45027,-1.36816,0,152.0855,0,3,623.22687
Montse Saldivar,2026-08-02,AP26,SESION 24,36.44566666666667,2811354.86,77138.24761974445,11100,9050,2,304.56295673010965,0,2,0,6.25542,79.72455772091014,7.84629,268.39048,7.364125959190393,404.07,47,53,100,121,47,117,53,9,3.91282,-2.1894,0,238.4739,0,3,805.1714400000001
Nancy Antonio,2026-08-02,AP26,SESION 24,36.44566666666667,2360368.9899999998,64764.05032148311,13480,10530,2,369.86564474971874,0,1,0,6.8255,83.41348180863845,8.18273,182.13715,4.997498102197792,244.69,31,29,60,100,31,89,29,6,3.74059,-1.61031,0,197.5127,0,3,546.41145
Priscila Da silva,2026-08-02,AP26,SESION 24,36.44566666666667,2276369.33,62459.25889680529,2770,0,0,76.00354866147781,0,1,0,6.01452,74.33987963765225,8.09057,238.19232,6.5355456981625615,233.26,36,34,70,81,36,75,34,8,3.70321,-1.30287,0,530.778,0,3,714.57696
Sarah Luebbert,2026-08-02,READAPTACION,REHAB SARAH,40.193333333333335,4196894.29,104417.67183612539,40510,0,0,1007.87858683032,0,2,0,6.52971,72.95406706262484,8.95044,407.80282,10.146031348482335,185.84,13,5,18,63,13,47,5,2,3.36345,-1.92825,0,316.5442,0,3,1223.40846
Scarlett Camberos,2026-08-02,AP26,SESION 24,36.44566666666667,2741678.86,75226.47027081408,48950,5080,1,1343.0952010755736,0,8,0,7.1917,79.34031819089468,9.06437,273.99830000000003,7.517993908740866,379.11,46,43,89,106,46,112,43,38,4.57329,-1.96791,0,229.5363,0,3,821.9949000000001
Sofia Ramos,2026-08-02,AP26,SESION 24,36.44566666666667,2612536.1199999996,71683.0383127395,12350,4690,1,338.8605869925094,0,2,0,6.65612,79.109087991823,8.41385,226.69263999999998,6.220016279941831,431.66999,54,53,107,107,54,107,53,4,3.69392,-2.05829,0,225.5953,0,3,680.07792
Xcaret Pineda,2026-08-02,AP26,SESION 24,36.44566666666667,2247321.07,61662.22971180844,0,0,0,0,0,0,0,5.70081,73.54574282256836,7.75138,220.41423,6.0477486120892285,265.98,40,37,77,118,40,114,37,11,3.82552,-1.75354,0,189.5712,0,3,661.24269
Alexa Soto,2026-08-03,AP26,JORNADA 1 SANTOS,70.75066666666666,7575621.09,107074.90751559468,53320,69789.99999999999,11,753.6324746056575,0,5,0,6.98754,92.48184785284518,7.55558,706.32809,9.983341829523397,614.62001,35,50,85,193,35,197,50,8,3.09123,-3.96783,0,596.6856,0,3,2118.98427
Alondra Cabanillas,2026-08-03,AP26,COMPENSATORIO J1,16.441166666666668,1474708.9800000002,89696.12740377306,0,570,0,0,0,0,0,5.70293,74.99582474721639,7.60433,140.65379,8.554976228369842,173.17999,13,6,19,15,13,12,6,0,3.02436,-3.04281,0,112.3423,0,3,421.96137
Arantza Segura,2026-08-03,AP26,COMPENSATORIO J1,16.441166666666668,1470272.95,89426.31504252536,4580,4580,0,278.56903909900956,0,0,0,5.83261,75.27735617230414,7.74816,120.65883,7.338824089936844,251.28,13,8,21,16,13,18,8,0,2.85049,-2.9129,0,324.774,0,3,361.97649
Aylin Aviléz,2026-08-03,READAPTACION,SARAH Y AYLÍN REHAB,43.98883333333333,3736086.0000000005,84932.60031902038,234170,162670.00000000003,8,5323.396468043026,0,6,0,7.78181,97.83419326936617,7.95408,387.41062999999997,8.807022160927204,491.1,24,17,41,98,24,100,17,1,3.60847,-1.73874,0,289.5067,0,3,1162.23189
Bruna Villamala,2026-08-03,READAPTACION,BRUNA REHAB,22.78166666666667,1790101.08,78576.38803131173,0,0,0,0,0,0,0,4.58144,61.66137281292059,7.43,178.7886,7.847915721706049,81.85,15,10,25,48,15,41,10,3,3.05735,-2.31519,0,384.896,0,3,536.3658
Gabriela García,2026-08-03,AP26,JORNADA 1 SANTOS,97.718,10137897.46,103746.46902310732,205740,184730,25,2105.446284205571,0,12,0,7.56758,96.84159608107606,7.81439,867.0146199999999,8.872619374117358,910.28998,73,68,141,255,73,259,68,20,3.92991,-4.50863,0,804.1999000000001,0,3,2601.0438599999998
Geyse Da Silva,2026-08-03,AP26,JORNADA 1 SANTOS,80.50233333333333,7627303.22,94746.36205161756,508360,261170.00000000003,30,6314.84801682767,0,32,0,7.8406,91.62544421500883,8.55723,656.50705,8.155130700145339,1215.70001,74,79,153,194,74,199,79,18,4.29959,-4.56285,0,623.6097,0,3,1969.52115
Giana Riley,2026-08-03,AP26,COMPENSATORIO J1 | JORNADA 1 SANTOS,34.039,3602871.34,105845.3932254179,359249.99000000005,131360,7,10554.070037310144,0,10,0,6.96374,80.61143812980038,8.63865,327.03711,9.607717911807043,644.44002,39,25,64,79,39,77,25,2,3.65596,-2.43139,0,286.9867,0,3,981.11133
Irene Guerrero,2026-08-03,AP26,JORNADA 1 SANTOS,97.718,10596770.02,108442.35473505392,167420,80460.00000000001,10,1713.2974477578337,0,14,0,7.14314,86.32057744107946,8.27513,935.21964,9.570597433430892,1244.23999,87,119,206,305,87,325,119,7,3.97531,-4.11505,0,859.3627000000001,0,3,2805.65892
Isa Haas,2026-08-03,AP26,COMPENSATORIO J1 | JORNADA 1 SANTOS,34.1805,3122083.9800000004,91341.08570676263,204260,146380,11,5975.921943798364,0,6,0,7.34357,92.20169548556878,7.96468,245.93844000000001,7.195285030938693,451.64001,28,11,39,53,28,49,11,4,3.79818,-2.16901,0,240.9932,0,3,737.81532
Jana Gutiérrez,2026-08-03,AP26,COMPENSATORIO J1 | JORNADA 1 SANTOS,42.6715,4347183.100000001,101875.56331509323,29509.999999999996,14420,2,691.5622839600201,0,3,0,6.24037,77.42394540942928,8.06,339.89409,7.965365407824895,529.26999,38,40,78,96,38,98,40,4,3.53293,-2.79208,0,344.2831,0,3,1019.68227
Karen Luna,2026-08-03,AP26,JORNADA 1 SANTOS,97.718,9731058.1,99583.06657934055,364570,364560.00000000006,56,3730.8377166949795,0,21,0,7.55565,97.73122667684208,7.73105,797.17053,8.157867844204752,1074.52002,48,68,116,223,48,216,68,4,3.5816,-3.35315,0,771.2166,0,3,2391.51159
Karina Rodríguez,2026-08-03,AP26,JORNADA 1 SANTOS,97.718,8712717.280000001,89161.84612865593,106850,106850,17,1093.4525880595181,0,10,0,7.27295,94.58139674002096,7.68962,754.39825,7.720156470660472,543.3400200000001,59,41,100,210,59,204,41,7,5.16894,-3.73613,0,558.1702,0,3,2263.1947499999997
Kim Rodríguez,2026-08-03,AP26,JORNADA 1 SANTOS,80.54483333333334,7406065.430000001,91949.60276781667,110580,128889.99999999999,23,1372.8999791006663,0,7,0,7.62262,100.62041126666861,7.57562,577.43591,7.169124152387179,633.45002,52,54,106,181,52,160,54,10,3.4806,-3.69124,0,585.9784,0,3,1732.30773
Montse Saldivar,2026-08-03,AP26,JORNADA 1 SANTOS,97.718,10442565.429999998,106864.29757056016,388500,347000,54,3975.726068892118,0,27,0,7.71138,98.28058866037324,7.84629,885.6232600000001,9.063051433717431,1304.64001,82,98,180,303,82,264,98,15,3.71002,-4.59467,0,841.4693,0,3,2656.86978
Nancy Antonio,2026-08-03,AP26,COMPENSATORIO J1 | JORNADA 1 SANTOS,42.83416666666667,3912498.53,91340.60107780003,128699.99999999999,52269.99999999999,5,3004.610805237252,0,5,0,6.51358,79.60155107158614,8.18273,318.13892999999996,7.427223517052196,508.24,29,35,64,129,29,123,35,4,3.49329,-3.1628,0,301.4585,0,3,954.4167899999999
Priscila Da silva,2026-08-03,AP26,COMPENSATORIO J1 | JORNADA 1 SANTOS,42.88383333333333,4795577.15,111827.15669852277,297690,234709.99999999997,21,6941.7768156609145,0,12,0,7.7838,96.20830176365818,8.09057,436.87167,10.187327858594731,744.7900099999999,36,25,61,98,36,93,25,3,3.97427,-2.90371,0,1084.032,0,3,1310.61501
Sarah Luebbert,2026-08-03,READAPTACION,SARAH Y AYLÍN REHAB,38.6125,3704043.59,95928.61353188734,407719.99999999994,42869.99999999999,4,10559.274846228553,0,10,0,8.14445,90.99496784515621,8.95044,350.07158000000004,9.066275946908386,655.92999,51,27,78,70,51,60,27,2,3.91655,-2.21421,0,293.71369999999996,0,3,1050.2147400000001
Scarlett Camberos,2026-08-03,AP26,JORNADA 1 SANTOS,71.67883333333333,7135608.890000001,99549.73537050688,303030,95429.99999999999,10,4227.607871221862,0,22,0,7.9391,87.58578919439519,9.06437,580.47714,8.098306194529766,991.55997,74,83,157,170,74,165,83,25,3.7861,-4.73055,0,583.3674,0,3,1741.43142
Sofia Ramos,2026-08-03,AP26,JORNADA 1 SANTOS,71.06316666666666,7072752.44,99527.68461861397,240100,130019.99999999999,15,3378.6842222529726,0,18,0,7.21954,85.80542795509784,8.41385,588.4150099999999,8.280168723131299,940.6699799999999,56,75,131,217,56,215,75,6,3.7475,-4.53092,0,576.8154,0,3,1765.2450299999998
Xcaret Pineda,2026-08-03,AP26,COMPENSATORIO J1,16.441166666666668,1987293.21,120873.0043488398,385760,385750,16,23463.055135989944,0,8,0,6.88856,88.86882077771958,7.75138,156.11246,9.495217898162133,609.89001,23,14,37,24,23,25,14,0,3.62951,-2.71213,0,157.42090000000002,0,3,468.33738
Alexa Soto,2026-08-05,AP26,SESION 25,21.352500000000003,1227422.02,57483.76162041915,0,0,0,0,0,0,0,5.27089,69.76155371262034,7.55558,129.30504,6.055733052335791,87.43,15,12,27,56,15,46,12,0,3.34562,-1.52697,0,99.2754,0,3,387.91512
Alondra Cabanillas,2026-08-05,AP26,SESION 25,34.72183333333333,2717776.9499999997,78272.85281595154,2630,3840,1,75.74484834230144,0,0,0,5.88874,77.43930102980802,7.60433,300.14178,8.644180078816884,323.13,44,42,86,148,44,132,42,9,3.51472,-2.03235,0,227.2466,0,3,900.42534
Arantza Segura,2026-08-05,AP26,SESION 25,34.72183333333333,3162694.8899999997,91086.63300228963,28450,28450,7,819.3691769347818,0,4,0,6.33003,81.69720294882914,7.74816,324.01862,9.331840772616655,600.04,61,67,128,179,61,155,67,7,3.82422,-2.46495,0,785.476,0,3,972.0558599999999
Aylin Aviléz,2026-08-05,AP26,SESION 25,21.352500000000003,1498211.8900000001,70165.64289895796,0,0,0,0,0,0,0,5.30519,66.69771991229658,7.95408,179.40287999999998,8.401961362838072,179.3,22,25,47,72,22,66,25,1,3.79751,-1.91063,0,125.60170000000001,0,3,538.20864
Bruna Villamala,2026-08-05,READAPTACION,BRUNA REHAB,29.530166666666666,2102378.04,71194.24904476214,0,0,0,0,0,0,0,4.33235,58.30888290713324,7.43,209.09040000000002,7.08056958703247,71.77,18,7,25,65,18,56,7,0,2.48974,-1.37895,0,461.782,0,3,627.2712
Gabriela García,2026-08-05,AP26,SESION 25,21.352500000000003,1363611.98,63861.93560473012,0,0,0,0,0,0,0,5.29589,67.77099684044435,7.81439,160.73788000000002,7.527824844865941,76.93,13,14,27,54,13,47,14,2,3.22972,-1.63087,0,109.2623,0,3,482.21364000000005
Giana Riley,2026-08-05,AP26,SESION 25,34.72183333333333,2585569.21,74465.2272585453,8029.999999999999,0,0,231.2665901858101,0,1,0,6.42298,74.35166374375626,8.63865,262.94759,7.572975409324585,247.27,35,37,72,120,35,115,37,11,3.9535,-1.6995,0,215.68540000000002,0,3,788.84277
Isa Haas,2026-08-05,AP26,SESION 25,34.72183333333333,2572733.03,74095.54113406071,0,0,0,0,0,0,0,5.48608,68.88010566651768,7.96468,269.3865,7.758418094282657,237.2,30,32,62,105,30,109,32,10,3.49978,-1.85023,0,210.6118,0,3,808.1595
Jana Gutiérrez,2026-08-05,AP26,SESION 25,34.72183333333333,2760564.42,79505.14575363245,0,0,0,0,0,0,0,5.73099,71.10409429280396,8.06,265.17008,7.636983838218988,350.49,43,62,105,143,43,136,62,4,3.3714,-1.16873,0,232.0696,0,3,795.51024
Karen Luna,2026-08-05,AP26,SESION 25,21.352500000000003,1347870.14,63124.69921554852,3060,3060,1,143.30874604847205,0,1,0,6.29186,81.38428803332019,7.73105,155.86927,7.299813604964289,96.86,17,15,32,50,17,42,15,10,3.16716,-1.54931,0,104.4358,0,3,467.60781
Montse Saldivar,2026-08-05,AP26,SESION 25,21.352500000000003,1343529.98,62921.43683409436,0,0,0,0,0,0,0,4.73997,60.41033405596785,7.84629,145.14971,6.797785271045544,82.44,11,14,25,57,11,50,14,9,3.39214,-2.31206,0,108.78909999999999,0,3,435.44912999999997
Nancy Antonio,2026-08-05,AP26,SESION 25,34.72183333333333,2689783.16,77466.62263417352,14309.999999999998,5910,1,412.1326158852979,0,2,0,6.40976,78.33278135781092,8.18273,221.07389,6.366999342392636,317.96,44,44,88,158,44,158,44,1,4.014,-1.89118,0,227.6967,0,3,663.22167
Priscila Da silva,2026-08-05,AP26,SESION 25,34.72183333333333,3062382.23,88197.59603707562,0,0,0,0,0,0,0,5.6779,70.17923335438667,8.09057,329.98423,9.50365226490537,391.03,54,49,103,135,54,129,49,9,4.01669,-2.93325,0,732.61,0,3,989.9526900000001
Sarah Luebbert,2026-08-05,AP26,SESION 25,34.72183333333333,2925784.0999999996,84263.52583148931,4580,0,0,131.90547734134623,0,1,0,5.93065,66.26098828660936,8.95044,311.95923,8.984526450696249,346.65,50,46,96,148,50,146,46,11,3.96358,-2.3577,0,246.3699,0,3,935.87769
Scarlett Camberos,2026-08-05,AP26,SESION 25,21.352500000000003,1370717.9200000002,64194.72754946727,0,0,0,0,0,0,0,5.70533,62.94237768317048,9.06437,137.82785,6.454881161456504,113.8,17,19,36,58,17,49,19,13,4.36806,-1.87232,0,108.46079999999999,0,3,413.48355000000004
Sofia Ramos,2026-08-05,AP26,SESION 25,21.352500000000003,1388984.0899999999,65050.18569254184,4820,970,0,225.7346914881161,0,1,0,6.36079,75.59904205565823,8.41385,132.40209,6.200776958201614,139.68,19,26,45,67,19,68,26,3,3.49811,-2.47773,0,115.885,0,3,397.20626999999996
Xcaret Pineda,2026-08-05,AP26,SESION 25,34.72183333333333,2863759.0300000003,82477.18380845868,14059.999999999998,14059.999999999998,2,404.9325352443947,0,1,0,6.3709,82.19052607406681,7.75138,273.3829,7.873515703375879,377.24,42,57,99,132,42,141,57,10,3.8001,-2.32339,0,244.251,0,3,820.1487
Alexa Soto,2026-08-06,AP26,SESION 26,65.63600000000001,4674342.96,71216.14601742945,15290,16309.999999999998,3,232.95142909378995,0,1,0,6.49604,85.976721840017575,7.55558,476.05652,7.252978853068437,371.64,43,51,94,167,43,159,51,7,3.39911,-2.15776,0,378.06649999999996,0,3,1428.1695599999998
Alondra Cabanillas,2026-08-06,AP26,SESION 26,56.66233333333333,4334498.010000001,76496.9911228506,8860,11149.999999999998,2,156.36489849223764,0,1,0,6.31671,83.06727877406688,7.60433,436.65284,7.706227652702855,340.44001000000003,38,43,81,181,38,159,43,5,3.3167,-1.4173,0,352.2701,0,3,1309.9585200000001
Arantza Segura,2026-08-06,AP26,SESION 26,65.63600000000001,5202665.65,79265.42827107075,24710,24710,5,376.47022975196535,0,2,0,6.7408,86.99871969603106,7.74816,474.6416,7.231421780730086,608.11,63,60,123,228,63,218,60,7,3.068,-2.10868,0,1221.522,0,3,1423.9248
Aylin Aviléz,2026-08-06,AP26,SESION 26,54.5225,4241509.149999999,77793.73928194781,0,0,0,0,0,0,0,5.74634,72.24393015911332,7.95408,398.18572,7.303144940162318,321.55,38,32,70,130,38,120,32,5,3.76997,-1.40692,0,340.9301,0,3,1194.55716
Bruna Villamala,2026-08-06,READAPTACION,REHAB BRUNA,17.83983333333333,2071128.0500000003,116095.70623791331,0,0,0,0,0,0,0,4.82961,65.0014804845222,7.43,189.04555,10.596822653425388,30.21,6,2,8,26,6,22,2,0,3.03634,-1.50072,0,430.538,0,3,567.1366499999999
Gabriela García,2026-08-06,AP26,SESION 26,65.63600000000001,4671276,71169.41922115911,19560,16330.000000000002,3,298.00719117557435,0,2,0,6.53914,83.6807479534551,7.81439,419.03423999999995,6.384213541349258,326.45,38,36,74,148,38,128,36,10,3.68773,-1.84889,0,373.8602,0,3,1257.1027199999999
Geyse Da Silva,2026-08-06,AP26,SESION 26,65.63600000000001,4066904.2399999998,61961.48820769089,40620.00000000001,3740,1,618.8676945578646,0,4,0,6.49121,75.85643952540715,8.55723,372.01764,5.667890182217075,449.75999,54,38,92,145,54,133,38,10,3.58654,-1.68114,0,331.6376,0,3,1116.0529199999999
Giana Riley,2026-08-06,AP26,SESION 26,65.63600000000001,4417123.23,67297.26415381802,73520.00000000001,40980.00000000001,7,1120.1170089584984,0,5,0,7.70642,89.20861477198405,8.63865,413.72621,6.3033428301541825,402.09,34,44,78,161,34,135,44,8,4.17529,-1.47435,0,359.6488,0,3,1241.1786299999999
Irene Guerrero,2026-08-06,AP26,SESION 26,65.63600000000001,5011034.79,76345.82835638977,28800,7050.000000000001,2,438.7835943689438,0,4,0,6.40316,77.3783614275546,8.27513,461.31479,7.028380614297031,518.42,54,65,119,176,54,182,65,8,3.87387,-2.11675,0,412.755,0,3,1383.9443700000002
Isa Haas,2026-08-06,AP26,SESION 26,65.63600000000001,4314612.55,65735.45843744285,48910.00000000001,32010.000000000004,8,745.1703333536474,0,4,0,7.0621,88.66771797485899,7.96468,430.19925,6.554318514229995,425.28,48,49,97,146,48,136,49,14,3.64595,-1.84361,0,348.8345,0,3,1290.59775
Jana Gutiérrez,2026-08-06,AP26,SESION 26,65.63600000000001,4896834.1,74605.91900786152,0,0,0,0,0,0,0,5.78749,71.80508684863524,8.06,419.72014,6.394663599244317,496.02001,68,61,129,193,68,175,61,7,3.82565,-1.91498,0,403.3428,0,3,1259.1604200000002
Karen Luna,2026-08-06,AP26,SESION 26,65.63600000000001,5256662.84,80088.10469864098,72160,72160,10,1099.3966725577425,0,5,0,7.02094,90.81483110314899,7.73105,575.91725,8.774411146322139,502.97001,54,47,101,172,54,157,47,5,3.66373,-1.93572,0,426.7991,0,3,1727.75175
Karina Rodríguez,2026-08-06,AP26,SESION 26,65.63600000000001,4523256.2299999995,68914.25787677492,7240,7240,2,110.30532025108171,0,1,0,6.09614,79.27751956533614,7.68962,362.17188,5.517884697422145,340.11,41,40,81,183,41,163,40,8,3.18468,-1.64655,0,365.5568,0,3,1086.51564
Kim Rodríguez,2026-08-06,AP26,SESION 26,65.63600000000001,3806412.11,57992.749558169286,5100,6090,2,77.7012615028338,0,1,0,6.22578,82.18178842127773,7.57562,396.34632,6.038550795295264,195.60000000000002,25,37,62,137,25,127,37,5,3.79058,-1.31814,0,306.85900000000004,0,3,1189.0389599999999
Montse Saldivar,2026-08-06,AP26,SESION 26,65.63600000000001,5019707.140000001,76477.95630446706,39260.00000000001,24870,7,598.1473581571089,0,5,0,6.70737,85.48460482597508,7.84629,445.05951,6.780722621731975,578.92,70,61,131,207,70,186,61,16,3.63215,-2.59094,0,414.9887,0,3,1335.17853
Nancy Antonio,2026-08-06,AP26,SESION 26,65.63600000000001,4822058.159999999,73466.66707294775,27119.999999999996,8050.000000000001,1,413.187884697422,0,3,0,6.6086,80.76277721493928,8.18273,357.46414,5.446159729416783,482.65000000000003,54,51,105,215,54,184,51,4,3.38481,-1.21361,0,397.5734,0,3,1072.39242
Priscila Da silva,2026-08-06,AP26,SESION 26,65.63600000000001,5030466.99,76641.88844536534,109180,77430,19,1663.416417819489,0,12,0,7.23733,89.45389509020997,8.09057,482.62287,7.353020750807482,618.85,62,59,121,176,62,167,59,9,4.03269,-2.26021,0,1185.242,0,3,1447.86861
Sarah Luebbert,2026-08-06,AP26,SESION 26,65.63600000000001,5055702.33,77026.36251447376,118560,30800,4,1806.3257968188186,0,8,0,7.37036,82.34634274963017,8.95044,489.28822,7.454570967152172,672.3000000000001,69,54,123,194,69,218,54,15,3.95258,-1.6021,0,419.433,0,3,1467.8646600000002
Scarlett Camberos,2026-08-06,AP26,SESION 26,65.63600000000001,4567904.399999999,69594.4969224206,63910.00000000001,8120.000000000001,1,973.7034554208057,0,8,0,7.15377,78.9218666051805,9.06437,419.06931000000003,6.384747851788652,536.34,70,68,138,178,70,176,68,64,4.25791,-2.0513,0,374.4923,0,3,1257.20793
Sofia Ramos,2026-08-06,AP26,SESION 26,65.63600000000001,4912694.91,74847.56703638246,62120,8250,1,946.431836187458,0,8,0,6.7085,79.73163296231807,8.41385,528.63123,8.0539830276068,628.44,76,76,152,201,76,199,76,12,3.81773,-2.34861,0,411.488,0,3,1585.8936899999999
Xcaret Pineda,2026-08-06,AP26,SESION 26,65.63600000000001,4847009.890000001,73846.82019013955,44629.99999999999,44640,6,679.9622158571514,0,4,0,6.51876,84.09805737817008,7.75138,460.87931,7.021745840697177,505.79,59,58,117,221,59,217,58,26,3.23429,-1.70072,0,402.1388,0,3,1382.6379299999999
Alexa Soto,2026-08-07,AP26,SESIÓN 27,47.879333333333335,2831084.14,59129.56473913589,6100,6750,2,127.40361185758643,0,1,0,6.23909,82.57592401906935,7.55558,274.84116,5.74028794608669,211.2,25,33,58,82,25,87,33,5,3.40338,-1.85926,0,228.69420000000002,0,3,824.5234800000001
Alondra Cabanillas,2026-08-07,AP26,SESIÓN 27,47.879333333333335,2663393.12,55627.197259778055,0,0,0,0,0,0,0,5.50402,72.38007819229307,7.60433,263.72171000000003,5.508048914632618,252.72,29,28,57,93,29,90,28,4,3.38874,-1.90868,0,216.88309999999998,0,3,791.1651300000001
Arantza Segura,2026-08-07,AP26,SESIÓN 27,45.5535,2524905.21,55427.24949784319,24210,24200,4,531.4630050380322,0,1,0,7.44752,96.1198529715442,7.74816,233.70273,5.130291415588265,297.89,32,31,63,97,32,89,31,2,4.03583,-2.27964,0,596.316,0,3,701.10819
Aylin Aviléz,2026-08-07,AP26,SESIÓN 27,47.879333333333335,2567639.4099999997,53627.30078391511,3800,0,0,79.3661844358735,0,1,0,5.93326,74.59391909560878,7.95408,237.86769,4.968066041019786,222.92000000000002,31,31,62,80,31,74,31,3,4.03116,-2.62575,0,209.60590000000002,0,3,713.60307
Bruna Villamala,2026-08-07,READAPTACION,REHAB BRUNA,28.410500000000003,2535700.93,89252.2458246071,8980,17980,3,316.08032241600813,0,1,0,5.95596,80.16096904441454,7.43,235.58921,8.292328892486932,179.89000000000001,15,3,18,49,15,51,3,0,3.24677,-1.76891,0,564.282,0,3,706.76763
Gabriela García,2026-08-07,AP26,SESIÓN 27,47.879333333333335,2857435.34,59679.93163369024,4780,3220,1,99.8343056851251,0,1,0,6.08547,77.87517643731628,7.81439,263.15632999999997,5.49624047953884,228.78,28,37,65,91,28,87,37,9,3.29597,-2.01362,0,233.6964,0,3,789.4689899999998
Geyse Da Silva,2026-08-07,AP26,SESIÓN 27,47.879333333333335,2447975.86,51128.02726298054,48860,6970,1,1020.4820451412578,0,6,0,6.7881,79.32590335891405,8.55723,222.00355,4.636730182820702,246.85,25,31,56,69,25,70,31,5,4.04224,-2.27011,0,198.0006,0,3,666.0106499999999
Giana Riley,2026-08-07,AP26,SESIÓN 27,47.879333333333335,2754611.09,57532.36100474804,46319.99999999999,3210,1,967.4320165972791,0,4,0,6.5377,75.67964901923332,8.63865,255.30145,5.332184728275247,278.86,28,34,62,84,28,71,34,5,4.17715,-2.55024,0,224.9884,0,3,765.90435
Irene Guerrero,2026-08-07,AP26,SESIÓN 27,47.879333333333335,2771381.04,57882.61546387446,35970.00000000001,10940.000000000002,2,751.2635931995712,0,4,0,6.72182,81.22917706428781,8.27513,241.85419000000002,5.0513274342444205,292.34001,26,34,60,90,26,88,34,5,3.53236,-1.89898,0,225.2866,0,3,725.56257
Isa Haas,2026-08-07,AP26,SESIÓN 27,45.5535,2575792.1799999997,56544.33095151854,0,0,0,0,0,0,0,5.71448,71.7477663886057,7.96468,232.42867,5.1023229828663,205.07,32,25,57,81,32,67,25,5,3.54116,-1.87925,0,207.571,0,3,697.28601
Jana Gutiérrez,2026-08-07,AP26,SESIÓN 27,45.5535,2512233.0700000003,55149.068018922815,8230,3440,0,180.66668861887672,0,2,0,6.13428,76.1076923076923,8.06,219.55202,4.819652057470886,307.27000000000004,42,39,81,90,42,89,39,7,3.63397,-2.76337,0,208.7036,0,3,658.65606
Karen Luna,2026-08-07,AP26,SESIÓN 27,45.5535,2722660.98,59768.42569725707,78710.00000000001,78710,16,1727.8584521496705,0,8,0,7.33259,94.84597823064136,7.73105,293.3891,6.440539146278551,332.2,35,33,68,74,35,79,33,3,4.02213,-2.07216,0,226.8105,0,3,880.1673
Karina Rodríguez,2026-08-07,AP26,SESIÓN 27,45.5535,2414672.09,53007.38889437694,0,0,0,0,0,0,0,5.65683,73.56449343400585,7.68962,234.65382,5.151169943034015,167.20000000000002,28,22,50,87,28,61,22,4,3.58442,-1.96195,0,193.8405,0,3,703.96146
Kim Rodríguez,2026-08-07,AP26,SESIÓN 27,45.5535,2149034.2,47176.050138847735,0,0,0,0,0,0,0,5.10829,67.43065254065014,7.57562,248.39824000000002,5.452890337734752,174.26,27,28,55,81,27,76,28,4,3.67957,-2.09236,0,177.5452,0,3,745.1947200000001
Montse Saldivar,2026-08-07,AP26,SESIÓN 27,47.879333333333335,2807318.15,58633.192121861895,60550,56589.99999999999,10,1264.6374914716162,0,6,0,6.9292299999999996,88.31218321015409,7.84629,255.25716,5.331259694509809,386.8,43,48,91,91,43,85,48,12,3.7507,-2.4898,0,233.2673,0,3,765.77148
Nancy Antonio,2026-08-07,AP26,SESIÓN 27,47.879333333333335,2712151.85,56645.5641961041,19710,14040,2,411.6598671660702,0,1,0,6.85514,83.7757081071965,8.18273,198.98454999999998,4.155959077681393,246.87,22,37,59,98,22,89,37,3,3.75978,-2.04658,0,222.1954,0,3,596.9536499999999
Priscila Da silva,2026-08-07,AP26,SESIÓN 27,47.879333333333335,2952513.15,61665.711371642596,29410,18850,3,614.2524958576421,0,3,0,6.6425,82.10175550053953,8.09057,281.59674,5.881383895626506,405.71999999999997,49,38,87,93,49,86,38,8,4.07799,-2.04334,0,694.326,0,3,844.7902200000001
Sarah Luebbert,2026-08-07,AP26,SESIÓN 27,47.879333333333335,3096581.92,64674.708364081926,48100,22890,2,1004.6088082540831,0,3,0,7.18513,80.27683555221866,8.95044,299.18059999999997,6.248637547167183,383.74,47,41,88,120,47,105,41,9,3.7673,-1.62301,0,256.816,0,3,897.5418
Scarlett Camberos,2026-08-07,AP26,SESIÓN 27,47.879333333333335,2844546.44,59410.73615617037,51000,7350,1,1065.1777384814602,0,7,0,7.25671,80.057521923752,9.06437,253.23732,5.289073643464821,357.99001,39,44,83,94,39,94,44,27,4.45173,-2.69448,0,230.8236,0,3,759.7119600000001
Sofia Ramos,2026-08-07,AP26,SESIÓN 27,45.5535,2610753.1399999997,57311.801288594725,45820,11709.999999999998,1,1005.8502639753257,0,5,0,6.61335,78.6007594620774,8.41385,213.30844,4.682591677917174,368.03999,49,49,98,98,49,100,49,8,4.05398,-2.06384,0,221.4555,0,3,639.9253199999999
Xcaret Pineda,2026-08-07,AP26,SESIÓN 27,45.5535,2549145.17,55959.370191093985,0,0,0,0,0,0,0,5.48727,70.79087852743639,7.75138,215.27121,4.725678817214923,258.87,41,39,80,96,41,91,39,8,3.8818,-2.2016,0,212.6866,0,3,645.81363
Alexa Soto,2026-08-08,AP26,JORNADA 2 CRUZ AZUL,25.28533333333333,2949368.16,116643.43598396964,4070.0000000000005,6420,1,160.96287703016245,0,1,0,5.89202,77.98236535117091,7.55558,298.13416,11.790794136258175,279.92001,14,24,38,88,14,92,24,2,3.16326,-4.78662,0,229.2759,0,3,894.40248
Aylin Aviléz,2026-08-08,AP26,JORNADA 2 CRUZ AZUL,11.090833333333334,1382203.1300000001,124625.72364565331,15090,10810,2,1360.5830640919678,0,2,0,6.85302,86.15729286102226,7.95408,126.61725,11.416387407017806,146.35001,10,12,22,37,10,37,12,0,3.12103,-4.37034,0,105.672,0,3,379.85175
Gabriela García,2026-08-08,AP26,JORNADA 2 CRUZ AZUL,94.84983333333334,9644621.09,101683.05785109445,31900,25460,5,336.3210970323265,0,3,0,6.82431,87.33004111645309,7.81439,823.5549599999999,8.682724376602312,781.54999,44,66,110,242,44,268,66,5,4.12151,-3.98579,0,746.6879,0,3,2470.66488
Geyse Da Silva,2026-08-08,AP26,JORNADA 2 CRUZ AZUL,69.25266666666667,6325978.52,91346.35277582571,542499.99,395860,46,7833.63321749343,0,23,0,8.40239,98.19053595614469,8.55723,545.04184,7.870337219264721,1009.81998,51,64,115,140,51,142,64,15,4.33229,-4.41779,0,509.63779999999997,0,3,1635.12552
Giana Riley,2026-08-08,AP26,COMPENSATORIO JORNADA 2,9.205666666666668,1284770.02,139562.95252923924,40700,0,0,4421.189846833472,0,4,0,6.32437,73.21016594028002,8.63865,110.10896,11.960997936053879,202.83,12,8,20,18,12,15,8,1,3.30053,-2.83466,0,96.4173,0,3,330.32687999999996
Irene Guerrero,2026-08-08,AP26,JORNADA 2 CRUZ AZUL,83.38333333333334,8766239.26,105131.79204477313,201060,115560,12,2411.273236058365,0,12,0,7.46844,90.25163350908082,8.27513,756.91574,9.077542354587248,1037.8500099999999,71,99,170,252,71,275,99,8,3.98068,-4.85759,0,703.1016999999999,0,3,2270.74722
Isa Haas,2026-08-08,AP26,JORNADA 2 CRUZ AZUL,94.84983333333334,8380079.590000001,88351.02071871502,43080,0,0,454.19162571011367,0,5,0,3.85381,48.386250295052655,7.96468,633.01898,6.673907140936815,595.1399899999999,38,52,90,194,38,196,52,11,2.37303,-2.3306,0,0,0,3,1899.0569400000002
Jana Gutiérrez,2026-08-08,AP26,JORNADA 2 CRUZ AZUL,69.531,6403177.24,92090.97007090363,62260,53470,4,895.4279386173073,0,3,0,6.53281,81.05223325062035,8.06,499.06763,7.1776276768635565,648.47999,59,56,115,183,59,178,56,10,3.54307,-3.63575,0,505.0437,0,3,1497.20289
Karen Luna,2026-08-08,AP26,JORNADA 2 CRUZ AZUL,94.84983333333334,9517290.04,100340.60899773148,201940,201940,32,2129.0496029689034,0,14,0,7.32248,94.71520686064635,7.73105,791.44955,8.344237645822608,931.06,65,71,136,242,65,234,71,9,3.4669,-4.26847,0,735.1687,0,3,2374.34865
Karina Rodríguez,2026-08-08,AP26,COMPENSATORIO JORNADA 2,9.205666666666668,1309050.05,142200.46167215845,36800,0,0,3997.5377484882497,0,3,0,3.26805,42.499499325064185,7.68962,97.95821,10.64107723503639,242.52,10,7,17,17,10,17,7,1,1.75774,-2.06103,0,0,0,3,293.87462999999997
Kim Rodríguez,2026-08-08,AP26,JORNADA 2 CRUZ AZUL,94.84983333333334,8380079.590000001,88351.02071871502,43080,49120,7,454.19162571011367,0,5,0,6.41326,84.65656936329964,7.57562,633.01898,6.673907140936815,595.1399899999999,38,52,90,194,38,196,52,3,3.16503,-4.24709,0,649.3767,0,3,1899.0569400000002
Montse Saldivar,2026-08-08,AP26,JORNADA 2 CRUZ AZUL,94.84983333333334,9412092.77,99231.51616854008,273640,233500,33,2884.981347709274,0,20,0,7.70143,98.15377713543599,7.84629,767.3851,8.090526604334219,1123.96997,67,81,148,247,67,238,81,11,5.12111,-4.81851,0,743.1109,0,3,2302.1553
Nancy Antonio,2026-08-08,AP26,JORNADA 2 CRUZ AZUL,69.21966666666667,7431262.210000001,107357.6711339263,221730,167049.99999999997,14,3203.280377927275,0,11,0,7.3598,89.94308745369823,8.18273,540.8067599999999,7.812906158654331,1049.87,61,75,136,228,61,234,75,2,3.67459,-3.77532,0,595.6978999999999,0,3,1622.4202799999998
Priscila Da silva,2026-08-08,AP26,JORNADA 2 CRUZ AZUL,25.6155,3300030.27,128829.43022779176,210089.99999999997,152570,25,8201.674767230777,0,15,0,8.09057,100,8.09057,309.31329,12.075239210634185,492.78,27,30,57,76,27,75,30,7,3.88567,-4.75257,0,738.5659999999999,0,3,927.9398699999999
Sarah Luebbert,2026-08-08,AP26,JORNADA 2 CRUZ AZUL,11.013499999999999,1481501.0999999999,134516.8293458029,131000,52350,4,11894.493122077452,0,7,0,7.28835,81.43007494603617,8.95044,146.40256,13.293009488355201,256.37,13,18,31,39,13,35,18,2,3.77541,-5.14428,0,117.9143,0,3,439.20768
Scarlett Camberos,2026-08-08,AP26,JORNADA 2 CRUZ AZUL,83.27966666666667,8238349.610000001,98923.90231308964,349159.99999999994,85960.00000000001,11,4192.620047310467,0,24,0,8.12214,89.60512423919147,9.06437,691.32898,8.301293793202822,1129.38998,96,83,179,210,96,212,83,19,4.41086,-4.30834,0,667.9974,0,3,2073.98694
Sofia Ramos,2026-08-08,AP26,JORNADA 2 CRUZ AZUL,25.33716666666667,2655641.11,104812.078830177,105900,58130,10,4179.630713773573,0,8,0,7.27585,86.47468162612834,8.41385,208.36551,8.223709964939514,423.22,31,33,64,87,31,94,33,4,4.25737,-4.71622,0,211.60649999999998,0,3,625.09653
Xcaret Pineda,2026-08-08,AP26,COMPENSATORIO JORNADA 2,9.205666666666668,1309050.05,142200.46167215845,36800,36800,3,3997.5377484882497,0,3,0,6.10923,78.81474008499131,7.75138,97.95821,10.64107723503639,242.52,10,7,17,17,10,17,7,0,3.17079,-2.89276,0,97.4365,0,3,293.87462999999997
Bruna Villamala,2026-08-10,READAPTACION,REHAB BRUNA,19.735500000000002,2671627.07,135371.6434850903,0,0,0,0,0,0,0,5.44017,73.21897711978467,7.43,232.11949,11.761520610068152,92.07,8,4,12,12,8,12,4,0,2.87364,-1.64018,0,562.3420000000001,0,3,696.35847
Alexa Soto,2026-08-11,AP26,SESIÓN 28,38.1285,3933195.06,103156.30197883473,204890,234280.00000000003,21,5373.670613845286,0,10,0,6.7495,89.33132863393678,7.55558,436.46485,11.447207469478212,456.32999,30,43,73,157,30,150,43,4,3.69567,-1.43715,0,319.86990000000003,0,3,1309.39455
Alondra Cabanillas,2026-08-11,AP26,SESIÓN 28,32.85816666666667,2964329.83,90215.92288066386,0,0,0,0,0,0,0,4.97963,65.48413864206314,7.60433,314.93464,9.58466865162897,158.10999999999999,24,15,39,128,24,122,15,9,2.94543,-1.39808,0,237.27689999999998,0,3,944.8039200000001
Arantza Segura,2026-08-11,AP26,SESIÓN 28,32.85816666666667,3027377.37,92134.70126655474,18870,18870,2,574.2864533931189,0,2,0,6.17213,79.65929975632923,7.74816,310.85329,9.460457521975764,311.77,41,34,75,143,41,142,34,6,3.6329,-2.35481,0,714.082,0,3,932.55987
Aylin Aviléz,2026-08-11,AP26,SESIÓN 28,38.1285,3471896.73,91057.78433455288,124169.99999999999,66590,8,3256.619064479326,0,8,0,6.86803,86.34600104600406,7.95408,367.98805,9.65125955649973,409.25001,27,20,47,109,27,102,20,7,3.82954,-1.483,0,278.7344,0,3,1103.96415
Bruna Villamala,2026-08-11,READAPTACION,REHAB BRUNA,25.113833333333332,1766051.1400000001,70321.84679094524,0,0,0,0,0,0,0,4.24087,57.07765814266488,7.43,186.17073,7.413074998506799,134.39,37,30,67,70,37,58,30,1,3.25885,-1.90265,0,408.8,0,3,558.5121899999999
Gabriela García,2026-08-11,AP26,SESIÓN 28,32.85816666666667,3245394.2600000002,98769.7911731736,0,0,0,0,0,0,0,5.3337,68.25484778722331,7.81439,379.65887,11.554475143165828,250.93,22,30,52,137,22,143,30,16,2.69091,-1.53817,0,261.2554,0,3,1138.97661
Geyse Da Silva,2026-08-11,AP26,SESIÓN 28,32.85816666666667,2383291.7600000002,72532.70653160807,14520,3100,0,441.8992741530517,0,2,0,6.54515,76.48678369051667,8.55723,230.84369,7.0254586125214935,235.62,30,27,57,98,30,89,27,7,3.20406,-1.1119,0,195.7382,0,3,692.53107
Giana Riley,2026-08-11,AP26,SESIÓN 28,38.1285,3463449.2199999997,90836.23064112145,265130.00000000006,29860,2,6953.591145730885,0,9,0,6.81266,78.86255375550579,8.63865,322.52489,8.458892691818455,515.92001,49,40,89,132,49,127,40,10,3.66291,-1.39849,0,286.1502,0,3,967.5746700000001
Irene Guerrero,2026-08-11,AP26,SESIÓN 28,32.85816666666667,3195659.52,97256.17233665907,5160,0,0,157.0385850295969,0,1,0,6.15562,74.38698848235616,8.27513,326.1669,9.926509391374037,332.27,33,39,72,132,33,128,39,2,3.60719,-1.63485,0,264.5944,0,3,978.5007
Isa Haas,2026-08-11,AP26,SESIÓN 28,32.85816666666667,3052093.1999999997,92886.89874156093,15150,11410,2,461.0725897671304,0,1,0,6.71641,84.32743060612604,7.96468,318.02369,9.678680287498286,242.14000000000001,27,26,53,118,27,117,26,7,3.09733,-1.39917,0,245.93030000000002,0,3,954.07107
Jana Gutiérrez,2026-08-11,AP26,SESIÓN 28,32.85816666666667,3076332.04,93624.57958194056,0,0,0,0,0,0,0,5.26483,65.32047146401985,8.06,286.48604,8.718868672932654,248.44,38,41,79,150,38,147,41,4,3.65878,-1.51361,0,255.1745,0,3,859.45812
Karen Luna,2026-08-11,AP26,SESIÓN 28,32.85816666666667,2817759.12,85755.21417810894,6480,6480,1,197.21124631623795,0,1,0,5.93883,76.81789666345452,7.73105,355.34384,10.814475548950286,203.1,32,28,60,119,32,103,28,3,3.12368,-1.8699,0,228.0327,0,3,1066.03152
Karina Rodríguez,2026-08-11,AP26,SESIÓN 28,38.1285,3453134.62,90565.70859068676,173990,173990,16,4563.253209541419,0,8,0,6.85457,89.14055571016513,7.68962,300.73294,7.88735302988578,426.51999,32,28,60,120,32,107,28,5,3.75874,-1.41403,0,279.7767,0,3,902.19882
Kim Rodríguez,2026-08-11,AP26,SESIÓN 28,32.85816666666667,2465509.2600000002,75034.90030383112,2990,4110,1,90.99716458110362,0,1,0,6.01907,79.45316686951035,7.57562,263.03536,8.005174563401285,127.94,21,13,34,92,21,76,13,3,3.10365,-0.94291,0,198.0503,0,3,789.10608
Montse Saldivar,2026-08-11,AP26,SESIÓN 28,32.85816666666667,2986769.63,90898.85203576989,15880,13150,3,483.28928881201523,0,2,0,6.5082,82.94620769816053,7.84629,288.61701,8.783722260828103,361.15999999999997,43,40,83,141,43,131,40,8,3.68693,-1.44486,0,249.8083,0,3,865.85103
Nancy Antonio,2026-08-11,AP26,SESIÓN 28,32.85816666666667,3042877.1,92606.41748119442,0,0,0,0,0,0,0,5.64011,68.92699624697381,8.18273,235.53019,7.1680867770062235,264.71,23,39,62,137,23,133,39,2,3.29395,-1.63398,0,251.1551,0,3,706.5905700000001
Priscila Da silva,2026-08-11,AP26,SESIÓN 28,38.1285,3993542.9,104739.05084123423,300670.01,213300,21,7885.7025584536495,0,10,0,7.85494,97.08759704198839,8.09057,443.00438,11.618720379768414,639.01999,53,44,97,150,53,149,44,9,4.28557,-1.40632,0,944.654,0,3,1329.01314
Sarah Luebbert,2026-08-11,AP26,SESIÓN 28,38.1285,3903138.73,102368.0115923784,180970,31100,3,4746.318370772519,0,9,0,7.26715,81.19321508216355,8.95044,407.78593,10.6950425534705,559.87999,52,38,90,161,52,149,38,10,4.25859,-1.77759,0,321.426,0,3,1223.35779
Scarlett Camberos,2026-08-11,AP26,SESIÓN 28,32.85816666666667,3098708.08,94305.56827577112,14410,0,0,438.55155237916495,0,3,0,6.20555,68.46090792851571,9.06437,296.34573,9.018936844721505,356.34000000000003,48,41,89,142,48,138,41,43,4.22061,-1.78751,0,248.4832,0,3,889.03719
Sofia Ramos,2026-08-11,AP26,SESIÓN 28,38.1285,3457738.08,90686.44399858374,204010,60489.99999999999,7,5350.590765437927,0,9,0,7.07005,84.02871455992204,8.41385,388.04516,10.177299395465335,605.53,52,62,114,138,52,140,62,15,3.95282,-1.42001,0,293.44489999999996,0,3,1164.13548
Xcaret Pineda,2026-08-11,AP26,SESIÓN 28,38.1285,3670019.48,96253.96960279056,227560,227560,15,5968.2389813394175,0,9,0,6.81936,87.97607651798775,7.75138,348.67636,9.144769922761188,586.25001,55,53,108,166,55,162,53,12,3.82222,-1.45179,0,307.1509,0,3,1046.02908
Alexa Soto,2026-08-12,AP26,SESIÓN 29,59.836000000000006,2872983.24,48014.29306771843,0,0,0,0,0,0,0,5.37639,71.15787272452941,7.55558,280.99835,4.696141954676115,235.2,26,33,59,115,26,105,33,0,2.80222,-1.20313,0,232.2404,0,3,842.99505
Alondra Cabanillas,2026-08-12,AP26,SESIÓN 29,59.836000000000006,3353392.2700000005,56043.05551841701,18080.000000000004,22980,4,302.15923524299757,0,4,0,6.07287,79.86068463625328,7.60433,355.997,5.949545424159369,312.89,39,48,87,155,39,146,48,7,3.46264,-2.16821,0,275.9064,0,3,1067.991
Arantza Segura,2026-08-12,AP26,SESIÓN 29,59.836000000000006,3380807.18,56501.22300955946,7540,7540,2,126.01109699846245,0,1,0,6.44007,83.11741110147442,7.74816,348.148,5.818370211912561,456.56,68,63,131,169,68,169,63,15,3.81131,0,0,823.296,0,3,1044.444
Aylin Aviléz,2026-08-12,AP26,SESIÓN 29,59.836000000000006,3137122.12,52428.67370813557,0,0,0,0,0,0,0,5.7769,72.62813549775713,7.95408,344.59879,5.75905458252557,312.55,36,38,74,129,36,111,38,5,3.65768,-2.26287,0,256.3512,0,3,1033.79637
Bruna Villamala,2026-08-12,READAPTACION,REHAB BRUNA,34.38766666666667,3160686.17,91913.36535385749,0,0,0,0,0,0,0,4.35291,58.585598923283975,7.43,278.65223000000003,8.103260762094937,12.94,1,0,1,32,1,23,0,3,2.21337,0,0,666.668,0,3,835.9566900000001
Gabriela García,2026-08-12,AP26,SESIÓN 29,59.836000000000006,2630374.1,43959.72491476703,0,0,0,0,0,0,0,5.74947,73.5754166352076,7.81439,259.33864,4.334157363460124,191.25,17,22,39,88,17,78,22,9,2.96618,0,0,208.9087,0,3,778.01592
Geyse Da Silva,2026-08-12,AP26,SESIÓN 29,67.3155,3616745.6999999997,53728.27506294983,28760,2920,1,427.24186851468085,0,4,0,6.65512,77.77189581207938,8.55723,371.71264,5.521947248404899,475.49,62,55,117,150,62,147,55,16,4.02059,-1.13651,0,306.2801,0,3,1115.1379200000001
Giana Riley,2026-08-12,AP26,SESIÓN 29,67.3155,3636933.3200000003,54028.17062934986,3380,0,0,50.21131834421493,0,1,0,5.92694,68.60956283678584,8.63865,354.92103000000003,5.272500835617355,417.78999,58,58,116,163,58,153,58,15,3.6906,-2.11543,0,306.7764,0,3,1064.7630900000001
Irene Guerrero,2026-08-12,AP26,SESIÓN 29,59.836000000000006,3565007.09,59579.635837957074,3950,0,0,66.01377097399558,0,1,0,5.86124,70.82958213345287,8.27513,361.60465,6.043262417273882,497.58999,52,61,113,167,52,155,61,7,3.23215,-2.00008,0,300.6717,0,3,1084.81395
Isa Haas,2026-08-12,AP26,SESIÓN 29,59.836000000000006,3272333.38,54688.37121465338,7010,5340,1,117.15355304498962,0,1,0,6.3198,79.34782062807294,7.96468,373.80626,6.247179958553379,335.68,44,46,90,141,44,136,46,11,3.82854,-2.01816,0,270.3911,0,3,1121.41878
Jana Gutiérrez,2026-08-12,AP26,SESIÓN 29,67.3155,3733513.9899999998,55462.917010198245,0,0,0,0,0,0,0,5.7392,71.20595533498759,8.06,388.70837,5.774425949447007,602.07999,93,78,171,178,93,169,78,11,3.7716,-2.59541,0,330.1137,0,3,1166.12511
Karen Luna,2026-08-12,AP26,SESIÓN 29,59.836000000000006,3054251.1100000003,51043.704625977676,4500,4500,1,75.20556186910889,0,1,0,6.04833,78.23426313372698,7.73105,396.72948,6.630280767430977,319.96,42,40,82,144,42,139,40,33,3.43546,-1.35765,0,252.2107,0,3,1190.1884400000001
Karina Rodríguez,2026-08-12,AP26,SESIÓN 29,65.66616666666667,3551833.94,54089.25357299675,11330,11330,2,172.5393848176509,0,2,0,6.14566,79.92150457369806,7.68962,324.95689999999996,4.948619913349593,530.45001,71,61,132,159,71,156,61,8,3.84674,-0.29166,0,303.9792,0,3,974.8706999999999
Kim Rodríguez,2026-08-12,AP26,SESIÓN 29,67.3155,3151119.12,46811.19682688237,4250,4250,2,63.13553342098031,0,1,0,6.34908,83.80937797830408,7.57562,420.05411000000004,6.240080070711798,373.86,60,54,114,149,60,144,54,11,3.49076,0,0,270.2014,0,3,1260.16233
Montse Saldivar,2026-08-12,AP26,SESIÓN 29,67.3155,3960009.04,58827.59602171862,13210,12080,2,196.24009329203525,0,1,0,6.36033,81.06162275419338,7.84629,421.23738,6.257658043095572,570.24999,73,79,152,198,73,183,79,17,3.66406,-1.9912,0,338.0902,0,3,1263.7121399999999
Nancy Antonio,2026-08-12,AP26,SESIÓN 29,65.66616666666667,3828733.4299999997,58306.02918296331,0,0,0,0,0,0,0,5.77718,70.60210956490072,8.18273,316.2939,4.816695050977545,550.54001,79,76,155,202,79,189,76,5,3.57883,-2.37061,0,330.9138,0,3,948.8817
Priscila Da silva,2026-08-12,AP26,SESIÓN 29,59.836000000000006,3977090.51,66466.51697974463,57710,30009.999999999996,3,964.4695501036165,0,5,0,6.87648,84.99376434540459,8.09057,428.67465,7.164159536065244,529.79999,65,74,139,171,65,167,74,18,4.0974,-2.02259,0,959.664,0,3,1286.02395
Sarah Luebbert,2026-08-12,AP26,SESIÓN 29,67.3155,4423646.17,65715.12014320624,38710,0,0,575.0532938179172,0,3,0,6.30569,70.45117335013697,8.95044,474.86016,7.054246941640484,620.46998,74,76,150,193,74,209,76,8,4.00524,-2.56627,0,379.4812,0,3,1424.58048
Scarlett Camberos,2026-08-12,AP26,SESIÓN 29,59.836000000000006,3715749.2899999996,62098.891804264975,21880,0,0,365.6661541546894,0,3,0,6.56611,72.43868023922236,9.06437,398.07283,6.652731298883615,459.26,75,69,144,180,75,182,69,65,4.54869,-1.59309,0,307.2223,0,3,1194.21849
Xcaret Pineda,2026-08-12,AP26,SESIÓN 29,67.3155,3794676.83,56371.51666406697,7220,7220,2,107.25612971752419,0,2,0,6.19503,79.9216397596299,7.75138,393.66777,5.848099917552421,505.45,72,65,137,171,72,170,65,28,3.82533,-0.7276,0,323.3377,0,3,1181.00331
Alexa Soto,2026-08-13,AP26,SESÓN 30,55.379000000000005,3889499.5,70234.19527257624,35380,0,0,638.870329908449,0,3,0,6.61195,88.95733997782777,7.43272,419.33077,7.572017732353418,361.78000000000003,45,38,83,148,45,131,38,6,3.66528,-1.54508,0,315.0616,0,3,1257.9923099999999
Alondra Cabanillas,2026-08-13,AP26,SESÓN 30,55.379000000000005,3857936.16,69664.2438469456,66520,0,0,1201.177341591578,0,3,0,7.53026,100,7.53026,379.11375,6.845803463406706,415.66,47,49,96,143,47,134,49,4,3.79194,-2.39882,0,315.0686,0,3,1137.34125
Arantza Segura,2026-08-13,AP26,SESÓN 30,55.379000000000005,4505931.98,81365.35473735532,88170,0,0,1592.1197565864315,0,6,0,7.45791,100,7.45791,418.30514999999997,7.5534977157406225,668.49,72,64,136,184,72,164,64,9,3.58815,-1.80112,0,1078.006,0,3,1254.91545
Aylin Aviléz,2026-08-13,AP26,SESÓN 30,55.379000000000005,3709754.2800000003,66988.46638617526,60680,0,0,1095.722205168024,0,5,0,7.01041,100,7.01041,392.13215,7.080881742176637,517.7099900000001,52,42,94,115,52,112,42,2,3.8281,-1.37468,0,305.4996,0,3,1176.3964500000002
Gabriela García,2026-08-13,AP26,SESÓN 30,55.379000000000005,4008108.1,72375.95659004315,85820.00000000001,0,0,1549.6848986077757,0,5,0,7.81439,100,7.81439,402.10225,7.26091569006302,420.77999,45,42,87,138,45,125,42,16,3.56263,-0.65325,0,324.49830000000003,0,3,1206.3067500000002
Geyse Da Silva,2026-08-13,AP26,SESÓN 30,55.379000000000005,3382723.26,61083.14090178587,89420,0,0,1614.6914895538018,0,6,0,8.55723,100,8.55723,301.6308,5.446663897867422,404.66,43,29,72,104,43,101,29,3,4.26333,0,0,273.4767,0,3,904.8924000000001
Giana Riley,2026-08-13,AP26,SESÓN 30,55.379000000000005,3940349.28,71152.40939706386,163820,0,0,2958.1610357716822,0,8,0,7.78406,95.14023420646396,8.18167,377.31166,6.813262427996172,510.62,52,45,97,137,52,122,45,7,3.45915,-1.70365,0,324.7153,0,3,1131.93498
Irene Guerrero,2026-08-13,AP26,SESÓN 30,55.55733333333333,3835922.7499999995,69044.40007919745,131250,0,0,2362.4244024191225,0,5,0,8.27513,100,8.27513,516.43227,9.295483404531055,477.69,51,39,90,140,51,135,39,35,3.5491,0,0,316.0185,0,3,1549.29681
Isa Haas,2026-08-13,AP26,SESÓN 30,55.379000000000005,4059484.35,73303.67738673504,81570.00000000001,0,0,1472.9410065187167,0,6,0,7.20767,90.49541224506194,7.96468,392.77668,7.092520269416204,447.72001,39,42,81,119,39,110,42,15,3.39727,-1.14452,0,325.81919999999997,0,3,1178.33004
Jana Gutiérrez,2026-08-13,AP26,SESÓN 30,55.379000000000005,3805540.1199999996,68718.10830820346,73210,0,0,1321.9812564329438,0,3,0,7.27652,90.27940446650123,8.06,322.11987999999997,5.816643131873092,467.99,45,50,95,149,45,133,50,4,3.54318,-1.44489,0,313.5419,0,3,966.3596399999999
Karen Luna,2026-08-13,AP26,SESÓN 30,55.379000000000005,3830973.15,69177.36235757236,177240,0,0,3200.4911609093697,0,11,0,7.49705,96.97324425530815,7.73105,448.57735,8.100134527528486,561.73999,58,42,100,115,58,116,42,1,3.74977,-1.24953,0,312.2273,0,3,1345.73205
Karina Rodríguez,2026-08-13,AP26,SESÓN 30,55.379000000000005,4147392.2700000005,74891.06466350061,59660,0,0,1077.3036710666497,0,3,0,7.06655,95.93222547884321,7.36619,329.72946,5.954052258076166,537.83,61,45,106,151,61,123,45,4,3.5296,-1.60184,0,339.4335,0,3,989.18838
Kim Rodríguez,2026-08-13,AP26,SESÓN 30,55.379000000000005,3511683.1900000004,63411.820184546494,24050,0,0,434.2801422922046,0,1,0,6.27825,82.87440499919478,7.57562,385.40391999999997,6.959387493454196,338.81,43,32,75,121,43,115,32,4,3.49807,0,0,282.7916,0,3,1156.21176
Montse Saldivar,2026-08-13,AP26,SESÓN 30,55.379000000000005,4059171.35,73298.02542480001,103690,0,0,1872.3703931093012,0,8,0,6.77294,86.32028640287321,7.84629,374.98112000000003,6.771178966756351,538.48,55,56,111,143,55,139,56,12,3.24777,-1.83009,0,326.7019,0,3,1124.9433600000002
Nancy Antonio,2026-08-13,AP26,SESÓN 30,55.379000000000005,3802744.1,68667.61949475433,82810,0,0,1495.3321656223477,0,4,0,7.9393,100,7.9393,293.02611,5.291285685909822,411.34999999999997,45,45,90,144,45,140,45,1,3.87985,-1.25291,0,313.35499999999996,0,3,879.07833
Priscila Da silva,2026-08-13,AP26,SESÓN 30,55.379000000000005,4365701.36,78833.1562505643,159840,0,0,2886.292638003575,0,13,0,7.94439,98.19320517590232,8.09057,446.58002999999997,8.064068148576174,722.36001,69,63,132,152,69,150,63,3,3.70478,-1.90121,0,1047.868,0,3,1339.7400899999998
Sarah Luebbert,2026-08-13,AP26,SESÓN 30,55.379000000000005,4344722.45,78454.3319669911,169180,0,0,3054.948626735766,0,9,0,8.95044,100,8.95044,437.73024,7.904264071218331,617.36,54,49,103,155,54,151,49,5,4.81323,-1.86254,0,360.7219,0,3,1313.19072
Scarlett Camberos,2026-08-13,AP26,SESÓN 30,55.379000000000005,3671039.41,66289.3770201701,170670,0,0,3081.854132432871,0,11,0,8.44058,98.33460126544674,8.58353,342.66269,6.187592589248632,537.72,48,53,101,128,48,126,53,47,3.86662,-1.54302,0,300.517,0,3,1027.9880699999999
Sofia Ramos,2026-08-13,AP26,SESÓN 30,55.379000000000005,3712859.5799999996,67044.5399880821,162399.99999999997,0,0,2932.519547120749,0,9,0,7.63943,90.7958901097595,8.41385,329.29177,5.9461487206341745,592.71,59,52,111,131,59,122,52,5,3.9348,-1.83684,0,312.20210000000003,0,3,987.8753099999999
Xcaret Pineda,2026-08-13,AP26,SESÓN 30,55.379000000000005,4127973.3800000004,74540.41026381841,97730,0,0,1764.7483703208795,0,5,0,7.54522,98.91297223176291,7.62814,373.66233,6.74736506618032,554.2,60,47,107,152,60,148,47,19,3.8236,-1.72429,0,342.06829999999997,0,3,1120.9869899999999
Alexa Soto,2026-08-14,AP26,SESIÓN 31,41.51033333333333,2493567.18,60070.998707149236,930,5540,2,22.404060033244736,0,0,0,5.81983,77.02691255998877,7.55558,239.28196,5.764395050228458,207.07,24,20,44,89,24,81,20,7,3.97921,-0.28375,0,200.4485,0,3,717.84588
Alondra Cabanillas,2026-08-14,AP26,SESIÓN 31,41.51033333333333,3030896.2100000004,73015.46305739135,5050,7180,1,121.65645501923217,0,1,0,6.14944,80.86761095323322,7.60433,323.43405,7.791651476339226,323.31,35,36,71,120,35,107,36,6,4.29405,-0.5388,0,248.98999999999998,0,3,970.30215
Arantza Segura,2026-08-14,AP26,SESIÓN 31,41.51033333333333,3148927.2399999998,75858.87626374156,0,0,0,0,0,0,0,5.70205,73.59231094866394,7.74816,294.7976,7.101788309738138,318.81,50,42,92,132,50,129,42,7,4.16069,-0.97529,0,745.448,0,3,884.3928
Aylin Aviléz,2026-08-14,AP26,SESIÓN 31,41.51033333333333,2231636.02,53760.97566067887,34019.99999999999,16470,3,819.5549702483718,0,5,0,6.40626,80.54055277291653,7.95408,258.28577,6.222204190121336,291.68001,31,30,61,88,31,83,30,9,4.60874,-0.8302,0,189.049,0,3,774.8573100000001
Bruna Villamala,2026-08-14,READAPTACION,REHAB BRUNA,15.4025,1010543.03,65609.02645674403,0,0,0,0,0,0,0,4.79888,64.5878869448183,7.43,107.73443,6.994606719688362,114.47999999999999,21,21,42,44,21,49,21,6,3.12072,-1.31699,0,240.632,0,3,323.20329000000004
Gabriela García,2026-08-14,AP26,SESIÓN 31,41.51033333333333,2775862.25,66871.59622905141,12910,4640,1,311.006897880849,0,1,0,6.00902,76.89685311329482,7.81439,283.38867,6.826942769270302,281.98999,33,30,63,93,33,88,30,11,4.20805,0,0,227.178,0,3,850.1660099999999
Geyse Da Silva,2026-08-14,AP26,SESIÓN 31,41.51033333333333,2067110.1199999999,49797.483036352394,25439.999999999996,5610,1,612.8594486513398,0,3,0,6.57858,76.87744749177011,8.55723,202.34349,4.874533007845437,237.48000000000002,32,24,56,65,32,57,24,3,4.34444,-0.6093,0,169.883,0,3,607.03047
Giana Riley,2026-08-14,AP26,SESIÓN 31,41.51033333333333,2444335.06,58884.97787699449,14220,1840,0,342.5653050244518,0,2,0,6.53309,75.62628419949876,8.63865,243.0897,5.856124980928444,234.21,30,25,55,103,30,85,25,10,4.34834,0,0,202.51420000000002,0,3,729.2691
Irene Guerrero,2026-08-14,AP26,SESIÓN 31,41.51033333333333,2285235.9299999997,55052.218242847164,3070,0,0,73.95748849684016,0,1,0,5.9586,72.00611954132442,8.27513,223.48118,5.383748143032659,175.88,23,25,48,82,23,82,25,0,4.42993,0,0,187.9682,0,3,670.44354
Isa Haas,2026-08-14,AP26,SESIÓN 31,41.51033333333333,2903881.1500000004,69955.62109033094,19520,6510.000000000001,1,470.2443568268143,0,2,0,6.4409,80.8682834715268,7.96468,311.11159,7.494798644514217,258.35999999999996,33,36,69,106,33,99,36,10,4.64779,-1.22822,0,237.9405,0,3,933.3347699999999
Jana Gutiérrez,2026-08-14,AP26,SESIÓN 31,41.51033333333333,3117884.06,75111.03403971702,16940,8020,1,408.09115802490953,0,2,0,6.47774,80.36898263027294,8.06,282.28593,6.800377335763787,344.50999,51,46,97,125,51,108,46,11,4.45916,-0.72874,0,260.1613,0,3,846.85779
Karen Luna,2026-08-14,AP26,SESIÓN 31,41.51033333333333,3250757.1900000004,78311.99918092685,27240,27240,5,656.2221454898781,0,4,0,6.35733,82.23113289915341,7.73105,385.97367,9.298255133259993,329.67,41,31,72,117,41,107,31,4,4.60036,-1.73609,0,267.5344,0,3,1157.92101
Karina Rodríguez,2026-08-14,AP26,SESIÓN 31,41.51033333333333,2850975.0300000003,68681.09217785131,9480,9480,2,228.37687001630118,0,1,0,6.37707,82.93088605158643,7.68962,307.05448,7.397061293974995,318.63000999999997,44,34,78,129,44,92,34,7,4.2158,-0.45231,0,236.5552,0,3,921.16344
Kim Rodríguez,2026-08-14,AP26,SESIÓN 31,41.51033333333333,2336493.08,56287.02282965688,1560,4010,1,37.58100392673311,0,0,0,5.86952,77.47907101992972,7.57562,301.86418000000003,7.272024957641071,156.55,29,24,53,102,29,87,24,1,3.96466,0,0,192.472,0,3,905.5925400000001
Montse Saldivar,2026-08-14,AP26,SESIÓN 31,41.51033333333333,2493236.04,60063.02141635417,34690,21150,2,835.6955296271612,0,2,0,6.27093,79.92223076128974,7.84629,257.25431000000003,6.197355919409627,280.97,34,37,71,91,34,83,37,16,4.21074,-0.83379,0,204.38739999999999,0,3,771.7629300000001
Nancy Antonio,2026-08-14,AP26,SESIÓN 31,41.51033333333333,2580100.2600000002,62155.614104118664,2620,0,0,63.11681428720561,0,1,0,5.95263,72.74625950019127,8.18273,214.50482,5.1675041555917804,302.07,37,33,70,123,37,121,33,6,4.3566,-1.46502,0,215.7351,0,3,643.51446
Priscila Da silva,2026-08-14,AP26,SESIÓN 31,41.51033333333333,2854201.16,68758.81089849115,43740,15660,4,1053.7135331764782,0,7,0,6.76979,83.67506862928077,8.09057,322.05163,7.758348443359486,360.17,38,30,68,97,38,91,30,5,4.57263,0,0,677.636,0,3,966.15489
Sarah Luebbert,2026-08-14,AP26,SESIÓN 31,41.51033333333333,2822057.2899999996,67984.4526262537,35020,4640,1,843.6453573808932,0,2,0,6.81378,76.127877512167,8.95044,278.82415000000003,6.716981715396168,372.51001,49,31,80,109,49,98,31,8,4.59515,-1.42345,0,231.10010000000003,0,3,836.4724500000001
Scarlett Camberos,2026-08-14,AP26,SESIÓN 31,41.51033333333333,2480516.25,59756.5967510098,85080,7859.999999999999,2,2049.610137234906,0,11,0,7.42028,81.86205991149964,9.06437,241.17144,5.809913354907613,367.17,45,38,83,80,45,80,38,36,4.55069,-1.13623,0,202.3546,0,3,723.51432
Sofia Ramos,2026-08-14,AP26,SESIÓN 31,41.51033333333333,3051705.15,73516.75847780875,23170,0,0,558.1742698605167,0,4,0,6.29544,74.82234648823072,8.41385,278.28067,6.703889071797384,374.02,41,45,86,121,41,113,45,9,4.33964,-0.96158,0,254.4381,0,3,834.84201
Xcaret Pineda,2026-08-14,AP26,SESIÓN 31,41.51033333333333,3079381.1699999995,74183.48451389614,14380,14370,3,346.4197669656552,0,2,0,6.275,80.95332702047894,7.75138,280.19012,6.7498884615075765,352.81001,46,42,88,140,46,131,42,15,4.26854,-1.49869,0,254.5837,0,3,840.5703599999999
Alexa Soto,2026-08-15,AP26,JORNADA 3 PUEBLA,70.48983333333332,6965729.489999999,98818.92410016575,110020.00000000001,128009.99999999999,22,1560.7924547038704,0,7,0,7.55558,100,7.55558,653.89114,9.276389361113543,584.84001,26,43,69,169,26,164,43,5,3.46483,-3.75905,0,550.5458,0,3,1961.6734199999999
Arantza Segura,2026-08-15,AP26,JORNADA 3 PUEBLA,59.801500000000004,4794785.399999999,80178.34669698919,91650,91650,14,1532.570253254517,0,7,0,7.74816,100,7.74816,524.96915,8.778528130565286,447.58001,32,35,67,143,32,146,35,15,3.34691,-4.33672,0,1095.104,0,3,1574.9074500000002
Aylin Aviléz,2026-08-15,AP26,COMPENSATORIO J3 | JORNADA 3 PUEBLA,36.112,3196228.02,88508.75110766504,201990,131209.99999999997,15,5593.431546300399,0,13,0,7.06998,88.8849496107658,7.95408,304.04256,8.419432875498448,523.86,34,30,64,78,34,78,30,5,4.00017,-4.39827,0,261.6145,0,3,912.1276799999999
Bruna Villamala,2026-08-15,READAPTACION,REHAB BRUNA,11.208333333333334,1399382.15,124851.93903345724,92020,145430,10,8209.96282527881,0,2,0,6.862,92.35531628532975,7.43,123.86746000000001,11.051371895910782,138.07,4,1,5,6,4,8,1,0,3.56075,-1.32308,0,299.634,0,3,371.60238000000004
Gabriela García,2026-08-15,AP26,JORNADA 3 PUEBLA,99.48883333333333,9623009.28,96724.5162857473,94580,83670,13,950.6594542436086,0,7,0,7.21811,92.36946197975786,7.81439,777.86646,7.81863083461628,654.91999,52,52,104,190,52,208,52,9,3.31726,-4.22802,0,754.7106,0,3,2333.5993799999997
Geyse Da Silva,2026-08-15,AP26,JORNADA 3 PUEBLA,99.48883333333333,7728165.28,77678.72052642424,310020,159660,25,3116.12861074861,0,22,0,7.87333,92.00792779906581,8.55723,650.67413,6.540172481668797,906.75003,83,89,172,190,83,185,89,27,4.35421,-4.05326,0,628.7925,0,3,1952.02239
Irene Guerrero,2026-08-15,AP26,JORNADA 3 PUEBLA,39.51866666666667,4059756.35,102730.09421707885,54280,20830,3,1373.5281217315023,0,6,0,6.66788,80.57734440425709,8.27513,361.85992,9.156683423867202,444.66,37,38,75,116,37,134,38,5,3.7154,-4.33032,0,329.4613,0,3,1085.57976
Isa Haas,2026-08-15,AP26,JORNADA 3 PUEBLA,99.48883333333333,8292130.62,83347.35007111351,260519.99999999997,235870,30,2618.585335372646,0,9,0,7.83049,98.31518654861212,7.96468,627.2789,6.305018151115787,724.6099899999999,51,49,100,156,51,163,49,13,4.22424,-4.59113,0,655.6214,0,3,1881.8367
Jana Gutiérrez,2026-08-15,AP26,COMPENSATORIO J3,11.826833333333333,1535569.0899999999,129837.72128352193,122000,91990,5,10315.525429461253,0,4,0,6.51478,80.82853598014887,8.06,116.28584,9.832373275461169,277.09,14,7,21,16,14,16,7,0,3.65171,-2.83967,0,118.6948,0,3,348.85751999999997
Karen Luna,2026-08-15,AP26,JORNADA 3 PUEBLA,39.969500000000004,3882565.43,97138.20363026808,169660,169670,25,4244.736611666395,0,12,0,7.39049,95.59490625464846,7.73105,400.40448,10.01775053478277,457.84,31,26,57,82,31,83,26,3,2.9908,-5.66928,0,309.3503,0,3,1201.21344
Karina Rodríguez,2026-08-15,AP26,JORNADA 3 PUEBLA,99.48883333333333,8702289.069999998,87470.00822537871,123500,123480,15,1241.3453436147774,0,9,0,7.00576,91.10671268541229,7.68962,637.45291,6.4072809846331165,668.29999,70,54,124,241,70,213,54,4,3.6441,-3.41254,0,691.6091,0,3,1912.35873
Kim Rodríguez,2026-08-15,AP26,COMPENSATORIO J3,11.826833333333333,1515244.1400000001,128119.17588534548,92760,106229.99999999999,5,7843.181465875622,0,3,0,6.36988,84.08394296440423,7.57562,136.06749,11.504980764081678,251.03,16,1,17,16,16,16,1,0,3.04481,-2.04571,0,116.2714,0,3,408.20246999999995
Montse Saldivar,2026-08-15,AP26,JORNADA 3 PUEBLA,59.369,5723364.260000001,96403.24512792873,181990,161250,23,3065.404504034092,0,12,0,7.69105,98.02148531344113,7.84629,487.70774,8.214855227475619,640.76001,33,60,93,164,33,139,60,10,3.95135,-3.68575,0,460.42150000000004,0,3,1463.12322
Nancy Antonio,2026-08-15,AP26,JORNADA 3 PUEBLA,60.556333333333335,6199108.4,102369.28259637032,174460,119679.99999999999,17,2880.953822611453,0,11,0,7.45158,91.06471800975959,8.18273,471.93802,7.7933717915549705,787.15,50,75,125,208,50,201,75,4,3.7432,-3.83735,0,507.48670000000004,0,3,1415.81406
Priscila Da silva,2026-08-15,AP26,JORNADA 3 PUEBLA,70.3545,7444020.5,105807.31154368234,256660.00000000003,203269.99999999997,31,3648.0964259571174,0,18,0,7.45044,92.08794930394275,8.09057,684.45248,9.728624039684739,938.5600099999999,61,70,131,193,61,186,70,10,3.83211,-4.45139,0,1727.228,0,3,2053.35744
Sarah Luebbert,2026-08-15,AP26,COMPENSATORIO J3 | JORNADA 3 PUEBLA,35.94666666666667,3513480.4699999997,97741.48191765576,339970,68789.99999999999,5,9457.62240356083,0,17,0,7.12719,79.62949307520077,8.95044,347.52636,9.66783271513353,692.25998,46,40,86,109,46,100,40,3,4.41221,-3.88327,0,297.2662,0,3,1042.57908
Scarlett Camberos,2026-08-15,AP26,JORNADA 3 PUEBLA,39.08283333333333,3612722.17,92437.57071519039,144930,12569.999999999998,2,3708.2777178386077,0,14,0,7.32734,80.83672665612724,9.06437,302.37033,7.736653262088641,443.23001,32,34,66,86,32,78,34,7,3.75871,-5.11267,0,293.5303,0,3,907.1109900000001
Sofia Ramos,2026-08-15,AP26,JORNADA 3 PUEBLA,99.48883333333333,8724011.72,87688.35081994128,172930,78690,10,1738.1850224397042,0,14,0,8.02831,95.41779328131592,8.41385,692.6264699999999,6.961851363553363,1148.59002,84,84,168,260,84,263,84,5,4.01672,-5.19701,0,714.2646,0,3,2077.8794099999996
Xcaret Pineda,2026-08-15,AP26,COMPENSATORIO J3,11.826833333333333,1535831.05,129859.87091500965,189820.01000000004,189820.00000000003,10,16049.943771931064,0,4,0,6.98694,90.13801413425739,7.75138,115.13352,9.734940601175294,323.41,14,7,21,16,14,16,7,0,3.66521,-2.40676,0,119.06230000000001,0,3,345.40056000000004
Alondra Cabanillas,2026-08-17,AP26,SESIÓN 32,47.909,4267357.4799999995,89072.14677826712,10360,12030.000000000002,2,216.24329457930662,0,1,0,6.35594,83.58316906288917,7.60433,430.15185,8.978518649940513,392.76,55,60,115,185,55,177,60,10,3.53169,-1.2823,0,353.3327,0,3,1290.4555500000001
Aylin Aviléz,2026-08-17,AP26,SESIÓN 32,53.72483333333333,4713553.9399999995,87735.10586352058,33620,11129.999999999998,3,625.7813736043854,0,2,0,6.18096,77.70804417355622,7.95408,474.32478,8.828780855532358,400.28999999999996,45,50,95,177,45,163,50,7,3.77926,-1.11543,0,380.1112,0,3,1422.97434
Gabriela García,2026-08-17,AP26,SESIÓN 32,53.72483333333333,4815632.84,89635.13781646601,54839.99999999999,20270,4,1020.7570056057255,0,4,0,6.19985,79.33888633661745,7.81439,490.01976,9.12091726668921,429.14001,42,43,85,183,42,178,43,38,3.51775,0,0,388.2312,0,3,1470.05928
Geyse Da Silva,2026-08-17,AP26,SESIÓN 32,47.909,3303706.11,68957.94339268196,15209.999999999998,8770,1,317.476883257843,0,1,0,6.87147,80.30016722701154,8.55723,287.30989,5.99699200567743,197.44,30,32,62,100,30,100,32,4,3.67814,0,0,265.80400000000003,0,3,861.92967
Giana Riley,2026-08-17,AP26,SESIÓN 32,53.72483333333333,4075951.41,75867.17644540545,191800,24800,2,3570.043648343876,0,5,0,6.98892,80.90291885884947,8.63865,392.64235,7.308395869073583,488.19,52,70,122,175,52,164,70,23,3.66519,-1.51934,0,338.2393,0,3,1177.92705
Irene Guerrero,2026-08-17,AP26,SESIÓN 32,53.72483333333333,5042193.08,93852.18654315665,298060,225560,12,5547.899946951907,0,8,0,7.48899,90.4999679763339,8.27513,532.67579,9.914889576204674,754.34001,65,79,144,220,65,220,79,6,3.50834,-1.18695,0,420.0854,0,3,1598.02737
Isa Haas,2026-08-17,AP26,SESIÓN 32,33.719500000000004,2916174.1,86483.31380951674,4340,1530,0,128.70890730882724,0,1,0,6.04227,75.8633115203624,7.96468,294.43226,8.73180978365634,224.37,26,27,53,116,26,104,27,6,3.43294,0,0,235.0691,0,3,883.2967799999999
Jana Gutiérrez,2026-08-17,AP26,SESIÓN 32,53.72483333333333,4221644.16,78579.00896233587,93590,32980,1,1742.0249481152416,0,6,0,6.41032,79.53250620347394,8.06,365.91322,6.810876782617599,433.94,49,52,101,187,49,180,52,5,3.84101,-0.98041,0,348.278,0,3,1097.7396600000002
Karen Luna,2026-08-17,AP26,SESIÓN 32,53.72483333333333,4471292.06,83225.79676065383,158600,158589.99999999997,11,2952.079888567981,0,6,0,6.84493,88.5381675192891,7.73105,511.73060000000004,9.52502908338478,519.27,54,39,93,166,54,162,39,5,3.63442,-1.24154,0,368.0845,0,3,1535.1918
Karina Rodríguez,2026-08-17,AP26,SESIÓN 32,47.909,4059697.03,84737.66995762801,23770,23770,4,496.1489490492392,0,3,0,6.27611,81.6179473107904,7.68962,346.43036,7.2310079525767605,314.54,40,41,81,149,40,136,41,10,3.13133,-1.3779,0,327.3585,0,3,1039.29108
Kim Rodríguez,2026-08-17,AP26,SESIÓN 32,53.72483333333333,3682857.8000000003,68550.38110867415,48080,76010,5,894.9306496995493,0,2,0,6.28595,82.97604684501071,7.57562,405.63004,7.550140499892974,285.42,27,32,59,128,27,131,32,6,3.1239,0,0,297.3838,0,3,1216.89012
Nancy Antonio,2026-08-17,AP26,SESIÓN 32,53.72483333333333,4646599.100000001,86488.85090383406,39120,0,0,728.1548880250908,0,2,0,6.05781,74.03164958394082,8.18273,340.20107,6.332287117378991,499.64001,50,51,101,230,50,209,51,2,2.97477,-1.27047,0,384.4421,0,3,1020.60321
Priscila Da silva,2026-08-17,AP26,SESIÓN 32,47.909,4813545.57,100472.67882861258,29730,12570,3,620.551462146987,0,4,0,6.55945,81.07525180549702,8.09057,480.44919,10.0283702435868,487.75,55,58,113,200,55,197,58,10,3.71197,-1.13279,0,1135.632,0,3,1441.34757
Sarah Luebbert,2026-08-17,AP26,SESIÓN 32,53.72483333333333,5184167.23,96494.80339631891,52190.00000000001,0,0,971.4315850212039,0,3,0,6.18584,69.11213303480052,8.95044,512.49271,9.5392145159439,612.42,68,62,130,219,68,215,62,7,3.81616,-1.31886,0,426.1131,0,3,1537.47813
Scarlett Camberos,2026-08-17,AP26,SESIÓN 32,53.72483333333333,4547340.78,84641.31943948951,277159.99999999994,153350,10,5158.880592153225,0,6,0,9.06437,100,9.06437,415.07376,7.725919919093902,640.42,62,50,112,169,62,163,50,55,5.09193,-0.23389,0,362.1996,0,3,1245.22128
Sofia Ramos,2026-08-17,AP26,SESIÓN 32,47.909,3604147.8000000003,75229.03421069111,5520,0,0,115.21843494959194,0,1,0,6.00631,71.38598857835593,8.41385,328.4395,6.85548644304828,309.31,51,50,101,159,51,159,50,6,3.98156,-1.30695,0,298.9427,0,3,985.3185000000001
Xcaret Pineda,2026-08-17,AP26,SESIÓN 32,53.72483333333333,4795290.350000001,89256.49559949001,183240,183240,11,3410.7132331727416,0,5,0,6.84927,88.3619432926782,7.75138,427.78669,7.962550341400161,512.8599899999999,49,52,101,220,49,209,52,19,3.52646,-1.09759,0,395.6932,0,3,1283.3600700000002
Alondra Cabanillas,2026-08-18,AP26,SESIÓN 33,50.52966666666667,3064202.4099999997,60641.65097731365,0,0,0,0,0,0,0,5.39752,70.97956032944388,7.60433,299.90282,5.935183027792254,267.6,41,39,80,136,41,139,39,10,3.30217,-1.7032,0,248.3047,0,3,899.7084600000001
Aylin Aviléz,2026-08-18,AP26,SESIÓN 33,50.52966666666667,2708987.96,53611.8312014724,2040,0,0,40.372322529998875,0,0,0,5.90783,74.2742089594271,7.95408,280.13619,5.5439944191201205,197.35999999999999,26,31,57,98,26,97,31,14,3.07249,-1.38983,0,218.2957,0,3,840.40857
Bruna Villamala,2026-08-18,READAPTACION,REHAB BRUNA,20.791166666666665,1805323.3,86831.26488011736,0,0,0,0,0,0,0,4.75961,64.05935397039032,7.43,168.67016,8.112587557215805,166.44,20,21,41,53,20,55,21,0,3.18333,-1.07395,0,410.866,0,3,506.01048000000003
Gabriela García,2026-08-18,AP26,SESIÓN 33,50.52966666666667,3391767.2800000003,67124.27577198873,5670,5080,1,112.21130820837922,0,1,0,6.16786,78.92951337212502,7.81439,331.53952,6.561284525922065,308.18999,41,41,82,126,41,134,41,13,3.25207,-1.4671,0,276.29630000000003,0,3,994.6185599999999
Geyse Da Silva,2026-08-18,AP26,SESIÓN 33,50.52966666666667,2735195.1199999996,54130.48017996028,20150,0,0,398.77563675464575,0,2,0,6.29502,73.56375836573284,8.55723,267.22854,5.288547453970934,296.93,45,43,88,110,45,107,43,9,3.7565,-1.39593,0,226.59070000000003,0,3,801.68562
Giana Riley,2026-08-18,AP26,SESIÓN 33,50.52966666666667,2894261.2800000003,57278.45582463108,10239.999999999998,0,0,202.65322681724922,0,2,0,6.0689,70.25287515989189,8.63865,292.48535,5.7883886693625515,312.2,44,48,92,139,44,128,48,16,4.08985,-1.58346,0,243.1954,0,3,877.45605
Irene Guerrero,2026-08-18,AP26,SESIÓN 33,50.52966666666667,3110618.87,61560.24916055914,15170,2270,0,300.2196729314132,0,1,0,6.2526,75.55893381735392,8.27513,321.13394,6.355354412259464,413.47,54,50,104,137,54,134,50,5,3.34717,-1.89688,0,259.707,0,3,963.40182
Isa Haas,2026-08-18,AP26,SESIÓN 33,50.52966666666667,3134085.06,62024.65337194651,14540,1560,0,287.7517497971488,0,2,0,6.05727,76.05164300386204,7.96468,318.09178000000003,6.295148988383062,334.96,37,26,63,100,37,96,26,12,3.7359,-0.89465,0,253.9719,0,3,954.2753400000001
Jana Gutiérrez,2026-08-18,AP26,SESIÓN 33,54.44283333333333,4136234.5999999996,75973.90412573432,2690,0,0,49.40962538687369,0,1,0,5.93607,73.6485111662531,8.06,369.73679,6.791284864552114,542.59998,72,77,149,181,72,171,77,18,3.64328,-0.83654,0,353.5483,0,3,1109.21037
Karina Rodríguez,2026-08-18,AP26,SESIÓN 33,50.52966666666667,4022822.4,79613.08010475693,21330,21330,4,422.1282546886647,0,3,0,6.52545,84.86050025879042,7.68962,337.76913,6.684570714233883,515.28,68,53,121,178,68,149,53,12,4.10138,-1.0571,0,336.00280000000004,0,3,1013.30739
Kim Rodríguez,2026-08-18,AP26,SESIÓN 33,50.52966666666667,2833612.1199999996,56078.18746742836,12930,18960,4,255.88927956513993,0,2,0,5.98839,79.04818351501264,7.57562,346.39982,6.855375126163507,318.71,43,46,89,129,43,126,46,4,4.19807,0,0,239.5876,0,3,1039.1994599999998
Nancy Antonio,2026-08-18,AP26,SESIÓN 33,50.52966666666667,2949956.87,58380.69127707155,0,0,0,0,0,0,0,5.35965,65.4995337741805,8.18273,231.38676,4.579225933280119,308.46001,48,29,77,137,48,124,29,4,3.07582,-1.56823,0,243.10999999999999,0,3,694.1602800000001
Priscila Da silva,2026-08-18,AP26,SESIÓN 33,50.52966666666667,4406593.899999999,87208.05401447332,13480,7350,1,266.7739743648945,0,2,0,6.42613,79.4274074632566,8.09057,433.61564,8.581407094182294,478.68001,61,68,129,171,61,163,68,13,3.90027,-1.93025,0,1038.192,0,3,1300.84692
Sarah Luebbert,2026-08-18,AP26,SESIÓN 33,50.52966666666667,3555695.15,70368.46637948664,5399.999999999999,0,0,106.86791257940877,0,1,0,6.19379,69.20095548375275,8.95044,364.45051,7.212604674481657,435.12001000000004,57,53,110,156,57,163,53,10,3.62712,-2.13453,0,296.7776,0,3,1093.35153
Scarlett Camberos,2026-08-18,AP26,SESIÓN 33,50.52966666666667,2943119.04,58245.36819953954,20750,2820,1,410.6498492634689,0,3,0,7.09394,78.2618097010603,9.06437,301.74598,5.97165981700519,364.57,64,56,120,141,64,122,56,45,4.32905,-1.14813,0,244.5765,0,3,905.23794
Sofia Ramos,2026-08-18,AP26,SESIÓN 33,50.52966666666667,2863765.45,56674.93254787617,20520,0,0,406.0980678017534,0,3,0,6.29737,74.84528485770485,8.41385,343.02411,6.788568629649908,383.34001,57,51,108,133,57,125,51,9,3.7166,-1.19074,0,242.291,0,3,1029.07233
Xcaret Pineda,2026-08-18,AP26,SESIÓN 33,50.52966666666667,4030969.8,79774.32003641424,7480,7480,1,148.03184927666254,0,1,0,6.19774,79.95660127615986,7.75138,377.97647,7.4802882135247275,499.66999,72,66,138,197,72,187,66,30,3.60949,-1.15249,0,338.163,0,3,1133.92941
Alondra Cabanillas,2026-08-19,AP26,SESIÓN 34,58.38416666666667,5339795.29,91459.6472787999,35980,47780,6,616.2629708396968,0,2,0,6.66121,87.59759242431613,7.60433,524.50504,8.983686330483435,577.19002,50,41,91,172,50,141,41,4,3.6842800000000002,-2.22767,0,429.29949999999997,0,3,1573.51512
Bruna Villamala,2026-08-19,READAPTACION,REHAB BRUNA,12.363,1674620.84,135454.24573323628,86990,112070,11,7036.318045781769,0,3,0,7.42652,99.95316285329746,7.43,155.61096,12.586828439699103,215.01,9,3,12,10,9,9,3,0,3.26241,-0.96481,0,367.28799999999995,0,3,466.83288000000005
Gabriela García,2026-08-19,AP26,SESIÓN 34,58.38416666666667,5380726.93,92160.72159974878,54010.00000000001,46300,9,925.0795735145089,0,5,0,6.97515,89.26032614189975,7.81439,498.0607,8.530749489730377,528.29,43,37,80,154,43,152,37,7,3.10663,-3.12216,0,427.4998,0,3,1494.1821
Geyse Da Silva,2026-08-19,AP26,SESIÓN 34,58.38416666666667,4228727.51,72429.35459099927,362490.00000000006,278600,33,6208.703843793266,0,16,0,7.97758,93.22619586010893,8.55723,371.20624,6.357995004353349,660.69999,43,40,83,103,43,98,40,7,4.05655,-2.26944,0,346.5616,0,3,1113.61872
Giana Riley,2026-08-19,AP26,SESIÓN 34,58.38416666666667,5251486.33,89947.09747220279,120190,42440,7,2058.606071851672,0,9,0,7.09565,82.13841283070849,8.63865,462.98922,7.930047587102667,622.27002,37,35,72,138,37,127,35,4,4.1237,-2.4941,0,419.1453,0,3,1388.96766
Irene Guerrero,2026-08-19,AP26,SESIÓN 34,56.57716666666667,5197035.22,91857.46699934897,11160,0,0,197.2527197367607,0,1,0,6.09075,73.60307330519278,8.27513,499.99023,8.837314758898613,581.90998,61,56,117,168,61,167,56,5,3.40685,-2.59847,0,421.932,0,3,1499.97069
Isa Haas,2026-08-19,AP26,SESIÓN 34,58.38416666666667,4716411.25,80782.36822197799,130660,107259.99999999999,19,2237.9355133383765,0,10,0,7.38411,92.71069270830716,7.96468,454.46092,7.7839754499650295,532.5899900000001,48,38,86,127,48,133,38,10,3.38873,-2.54332,0,377.7998,0,3,1363.38276
Jana Gutiérrez,2026-08-19,AP26,SESIÓN 34,58.38416666666667,4779611.45,81864.85691040664,182409.99,135220,10,3124.3057906681315,0,9,0,7.24334,89.86774193548386,8.06,377.2955,6.4622914317523295,653.64,42,41,83,134,42,127,41,3,3.38867,-2.35874,0,384.63039999999995,0,3,1131.8865
Karina Rodríguez,2026-08-19,AP26,SESIÓN 34,58.38416666666667,5093407.11,87239.5274403734,176280,176280,18,3019.3117426242843,0,6,0,7.52817,97.90041640549208,7.68962,375.10035000000005,6.4246930531965,593.73999,53,38,91,162,53,144,38,8,3.50066,-2.42908,0,407.39579999999995,0,3,1125.30105
Kim Rodríguez,2026-08-19,AP26,SESIÓN 34,58.38416666666667,4237267.2700000005,72575.62301423046,164579.99000000002,174160.00000000003,21,2818.914774268138,0,8,0,7.28319,96.13985389974683,7.57562,539.29034,9.236927934228742,455.91999,41,27,68,126,41,128,27,4,3.39283,-2.59228,0,342.2265,0,3,1617.87102
Nancy Antonio,2026-08-19,AP26,SESIÓN 34,58.38416666666667,5351017.46,91651.85983642825,39700,10440,1,679.9788755513052,0,6,0,6.40344,78.2555455208714,8.18273,361.58939,6.193278257518447,744.12001,60,63,123,185,60,178,63,2,3.19744,-2.40001,0,437.86679999999996,0,3,1084.7681699999998
Priscila Da silva,2026-08-19,AP26,SESIÓN 34,58.38416666666667,5809917.109999999,99511.86154922137,300739.99000000005,249510.00000000003,33,5151.053910164001,0,14,0,7.79233,96.31373314859151,8.09057,562.4119000000001,9.632952427170608,909.3400200000001,56,53,109,174,56,155,53,6,3.59663,-2.63784,0,1347.53,0,3,1687.2357000000002
Sarah Luebbert,2026-08-19,AP26,SESIÓN 34,58.38416666666667,5572443.11,95444.42317409115,119200,39560,4,2041.6494197913246,0,7,0,7.45481,83.28987178283973,8.95044,523.82336,8.972010562224346,753.8000199999999,73,45,118,170,73,155,45,10,3.90821,-2.99578,0,453.8436,0,3,1571.47008
Scarlett Camberos,2026-08-19,AP26,SESIÓN 34,58.38416666666667,4908245.42,84068.09072094318,310050,153920.00000000003,18,5310.515122536075,0,16,0,8.50899,93.87293325404855,9.06437,443.20725999999996,7.591223533777707,805.62999,77,52,129,161,77,146,52,50,4.13695,-2.37268,0,400.6009,0,3,1329.62178
Sofia Ramos,2026-08-19,AP26,SESIÓN 34,58.38416666666667,4481264.22,76754.7860293173,169150,107640,14,2897.1895919270346,0,12,0,8.06576,95.86289273043849,8.41385,368.84148,6.317491557357159,622.41001000000006,54,52,106,126,54,138,52,10,4.08175,-2.17899,0,368.1783,0,3,1106.52444
Xcaret Pineda,2026-08-19,AP26,SESIÓN 34,58.38416666666667,5504831.4799999995,94286.37581536088,60680,60680,8,1039.3228757796776,0,6,0,6.62574,85.47819872074392,7.75138,440.79271,7.549867287078403,552.45,46,52,98,177,46,187,52,13,3.56507,-3.21458,0,442.3076,0,3,1322.37813
Alondra Cabanillas,2026-08-21,AP26,SESIÓN 35,52.31333333333334,3907481.3200000003,74693.7935516758,88420,94780,15,1690.2000764623422,0,4,0,7.60433,100,7.60433,404.15573,7.725673442079775,520.76,57,59,116,154,57,154,59,11,3.71627,-1.56256,0,327.1485,0,3,1212.46719
Aylin Aviléz,2026-08-21,AP26,SESIÓN 35,52.31333333333334,3876072.27,74093.39116859945,82330,67290,8,1573.786160316044,0,6,0,7.95408,100,7.95408,394.04684,7.532436090225563,420.64,51,47,98,139,51,122,47,6,4.02659,-1.43218,0,318.9823,0,3,1182.14052
Bruna Villamala,2026-08-21,READAPTACION,REHAB BRUNA,28.805,2984146.15,103598.1999652838,0,0,0,0,0,0,0,4.65015,62.58613728129207,7.43,271.17006000000003,9.413992709599029,77.02,11,1,12,44,11,31,1,19,3.09058,-1.54593,0,638.4,0,3,813.5101800000001
Gabriela García,2026-08-21,AP26,SESIÓN 35,52.31333333333334,3935220.0900000003,75224.0363833312,41470,35890,4,792.723333758124,0,1,0,7.72945,98.91303095955027,7.81439,386.43092,7.386853319740028,424.03000000000003,56,44,100,150,56,133,44,16,3.61166,-1.58481,0,320.7302,0,3,1159.29276
Geyse Da Silva,2026-08-21,AP26,SESIÓN 35,52.31333333333334,2984949.2,57059.051866955524,77070,36930,4,1473.238180196253,0,4,0,8.15619,95.31343670790665,8.55723,277.30145,5.300779597298329,334.33,47,30,77,102,47,94,30,5,4.25753,-1.1314,0,243.83939999999998,0,3,831.90435
Giana Riley,2026-08-21,AP26,SESIÓN 35,52.31333333333334,3609503.22,68997.76768191665,78120,66780,6,1493.3095450490632,0,2,0,8.63865,100,8.63865,345.73531,6.608932904294635,424.95,58,50,108,139,58,134,50,15,4.51738,-1.26893,0,300.01300000000003,0,3,1037.20593
Irene Guerrero,2026-08-21,AP26,SESIÓN 35,52.31333333333334,4200212.65,80289.52434051229,136110,105970,10,2601.822352491398,0,6,0,8.05998,97.40004084527976,8.27513,428.68870000000004,8.19463552950172,558.35,63,55,118,166,63,158,55,5,3.52202,-1.75008,0,352.4409,0,3,1286.0661
Isa Haas,2026-08-21,AP26,SESIÓN 35,52.31333333333334,3468453.3499999996,66301.5168217153,62370.00000000001,56140,7,1192.2390722569135,0,2,0,7.35207,92.30841665955192,7.96468,347.43098,6.641346629285076,319.22,36,30,66,122,36,105,30,13,3.78662,-1.21065,0,280.7329,0,3,1042.2929399999998
Jana Gutiérrez,2026-08-21,AP26,SESIÓN 35,52.31333333333334,3442182.1,65799.3264942016,82840,65379.99999999999,7,1583.5351089588376,0,5,0,7.60634,94.37146401985112,8.06,386.63865,7.390824200331336,458.08,52,57,109,137,52,129,57,16,4.05879,-1.11195,0,290.6757,0,3,1159.91595
Karina Rodríguez,2026-08-21,AP26,SESIÓN 35,52.31333333333334,3976037.57,76004.28641519051,171250,171250,22,3273.5440295654384,0,12,0,7.68962,100,7.68962,409.69038,7.831471517777493,594.93001,61,52,113,162,61,134,52,10,3.95783,-1.27193,0,332.9655,0,3,1229.07114
Kim Rodríguez,2026-08-21,AP26,SESIÓN 35,52.31333333333334,2843758.19,54360.103033006235,32549.999999999996,44730.00000000001,4,622.2123104371095,0,2,0,6.71777,88.67617435932637,7.57562,289.90768,5.541755065630177,168.69,20,22,42,83,20,75,22,8,3.0891,0,0,225.8613,0,3,869.7230400000001
Nancy Antonio,2026-08-21,AP26,SESIÓN 35,52.31333333333334,3855429.87,73698.79960494456,72590,67090,8,1387.6003568242638,0,2,0,8.18273,100,8.18273,304.17546,5.814492035172677,528.29,69,62,131,172,69,163,62,2,4.4069,-1.25367,0,326.7544,0,3,912.52638
Priscila Da silva,2026-08-21,AP26,SESIÓN 35,52.31333333333334,4319964.37,82578.64859181852,95560,58120.00000000001,8,1826.68535746145,0,6,0,7.95819,98.36377412221884,8.09057,430.05104,8.220677456352746,558.64999,67,38,105,153,67,145,38,8,4.27582,-1.35829,0,1011.3,0,3,1290.15312
Sarah Luebbert,2026-08-21,AP26,SESIÓN 35,52.31333333333334,4333611.08,82839.51344462851,109079.99999999999,63870,7,2085.128074423346,0,6,0,8.25594,92.24060493115422,8.95044,433.49487999999997,8.28650847457627,602.02001,76,49,125,174,76,180,49,12,4.34261,-1.37773,0,361.9196,0,3,1300.48464
Scarlett Camberos,2026-08-21,AP26,SESIÓN 35,52.31333333333334,3714365.55,71002.27252453165,115430,66770,6,2206.5120428189116,0,8,0,8.82895,97.40279798816685,9.06437,346.64222,6.626269020007646,475.28999999999996,56,43,99,140,56,131,43,53,4.78574,-0.90203,0,300.468,0,3,1039.92666
Sofia Ramos,2026-08-21,AP26,SESIÓN 35,52.31333333333334,3780138.41,72259.55925831528,152980,92150,11,2924.302281126545,0,12,0,8.21473,97.63342583953836,8.41385,343.46184999999997,6.565474385115329,630.96,62,62,124,150,62,141,62,17,4.46058,-1.6734,0,319.7817,0,3,1030.38555
Xcaret Pineda,2026-08-21,AP26,SESIÓN 35,52.31333333333334,4292361.97,82051.01255256784,74179.99999999999,74179.99999999999,8,1417.9941378870901,0,2,0,7.75138,100,7.75138,391.57105,7.48510991461705,481.48,58,50,108,178,58,170,50,19,3.66198,-1.41178,0,354.6515,0,3,1174.71315
Alondra Cabanillas,2026-08-22,AP26,SESIÓN 36,39.1395,2588241.1199999996,66128.6199363814,0,950,0,0,0,0,0,5.73932,75.47436789302937,7.60433,283.18514,7.235277405178912,315.76,43,41,84,136,43,117,41,8,3.21113,-1.57787,0,216.1523,0,3,849.5554199999999
Aylin Aviléz,2026-08-22,AP26,SESIÓN 36,39.1395,2440787.91,62361.24401180394,9420,0,1,240.67757636147627,0,1,0,5.99264,75.34045420714904,7.95408,279.16877,7.132660611402803,236.35999999999999,28,20,48,103,28,92,20,7,3.54534,-1.25394,0,199.3082,0,3,837.50631
Gabriela García,2026-08-22,AP26,SESIÓN 36,39.1395,2665832.09,68111.04101994149,0,0,0,0,0,0,0,5.75856,73.69174049413965,7.81439,263.90791,6.742751184864396,271.28,28,36,64,108,28,108,36,11,3.49099,-1.43593,0,213.9291,0,3,791.72373
Geyse Da Silva,2026-08-22,AP26,SESIÓN 36,39.1395,2128109.0300000003,54372.412268935484,0,0,0,0,0,0,0,5.47985,64.03766171997246,8.55723,191.91708,4.903411642969379,199.63,29,30,59,72,29,71,30,7,3.52502,-1.1781,0,171.36350000000002,0,3,575.75124
Giana Riley,2026-08-22,AP26,SESIÓN 36,39.1395,2554590.98,65268.871089308755,0,0,0,0,0,0,0,5.61067,64.94845838180734,8.63865,260.93784999999997,6.666867231313634,209.80999999999997,26,26,52,120,26,111,26,9,3.37483,-1.48142,0,208.2388,0,3,782.8135499999999
Irene Guerrero,2026-08-22,AP26,SESIÓN 36,39.1395,2794223.91,71391.40535775879,7660,0,0,195.7102160221771,0,1,0,6.16842,74.54166883178874,8.27513,308.43966,7.8805212125857516,333.85,34,42,76,125,34,130,42,9,3.4265,-1.91175,0,232.7339,0,3,925.31898
Isa Haas,2026-08-22,AP26,SESIÓN 36,39.1395,2662597.1,68028.38820117785,10560,8360,1,269.80416203579506,0,1,0,6.49853,81.59185303113244,7.96468,295.25333,7.543615273572734,318.71,38,33,71,107,38,99,33,6,3.43374,-1.16671,0,217.5474,0,3,885.75999
Jana Gutiérrez,2026-08-22,AP26,SESIÓN 36,39.1395,2360334.9499999997,60305.70012391573,0,0,0,0,0,0,0,5.27291,65.42071960297767,8.06,225.43745,5.759844913706103,219.23000000000002,27,29,56,95,27,99,29,3,3.88246,-1.60947,0,192.3936,0,3,676.31235
Karina Rodríguez,2026-08-22,AP26,SESIÓN 36,39.1395,2412174.25,61630.17539825496,3930,3930,1,100.41007166673054,0,1,0,5.97923,77.75715835112788,7.68962,195.76727,5.001782598142541,267.4,39,20,59,96,39,87,20,4,3.54484,-1.28593,0,195.7494,0,3,587.3018099999999
Kim Rodríguez,2026-08-22,AP26,SESIÓN 36,39.1395,2321959.08,59325.210592879324,0,0,0,0,0,0,0,5.33238,70.38869425868774,7.57562,291.2914,7.442389402010757,244,35,35,70,113,35,94,35,4,3.61441,-1.60331,0,193.7915,0,3,873.8742
Nancy Antonio,2026-08-22,AP26,SESIÓN 36,39.1395,2323660.98,59368.69351933469,0,0,0,0,0,0,0,5.49597,67.16548144690097,8.18273,193.11069,4.933907944659488,254.78,33,31,64,105,33,96,31,2,3.35401,-1.37203,0,191.1798,0,3,579.33207
Priscila Da silva,2026-08-22,AP26,SESIÓN 36,39.1395,2709027.19,69214.66012595971,11890,2850,1,303.78517865583365,0,2,0,6.32693,78.2012886607495,8.09057,286.5819,7.3220633886482975,303.26,32,36,68,100,32,94,36,14,3.58586,-1.59974,0,633.468,0,3,859.7457
Sarah Luebbert,2026-08-22,AP26,SESIÓN 36,39.1395,2607662.3,66624.82402687821,17010,0,0,434.599317824704,0,3,0,6.18752,69.13090306174891,8.95044,253.70288,6.4820163773170325,338.82,49,31,80,122,49,102,31,7,3.75954,-1.65837,0,215.3823,0,3,761.1086399999999
Scarlett Camberos,2026-08-22,AP26,SESIÓN 36,39.1395,2663769.9299999997,68058.3535814203,12680,0,0,323.9693915354054,0,2,0,6.60937,72.91593348462165,9.06437,269.34712,6.881721023518441,380.3,51,43,94,124,51,115,43,41,4.64343,-1.40618,0,227.4041,0,3,808.04136
Sofia Ramos,2026-08-22,AP26,SESIÓN 36,39.1395,2587957.2800000003,66121.36792754124,1600,0,0,40.87941849027198,0,0,0,5.8626,69.67797143994723,8.41385,246.83116,6.306446428799551,374.92999,57,50,107,128,57,126,50,3,3.68846,-1.84514,0,221.7775,0,3,740.4934800000001
Xcaret Pineda,2026-08-22,AP26,SESIÓN 36,39.1395,2514406.0100000002,64242.15971077812,1600,1600,0,40.87941849027198,0,0,0,5.84518,75.40824988582678,7.75138,227.23602,5.805797723527383,304.40999,42,44,86,140,42,128,44,11,3.88251,-1.81052,0,212.3464,0,3,681.7080599999999
Alondra Cabanillas,2026-08-23,AP26,COMPENSATORIO J4 | JORNADA 4 NECAXA,26.89966666666667,2895265.3800000004,107632.01700144984,338530.01000000007,377090.01,27,12584.914682957658,0,10,0,7.28449,95.79397527461327,7.60433,294.97473,10.96573922849106,509.36,25,19,44,82,25,74,19,3,3.54047,-1.86319,0,232.8662,0,3,884.9241900000001
Aylin Aviléz,2026-08-23,AP26,JORNADA 4 NECAXA,100.37166666666667,9472366.7,94372.91433505471,90740,50300,8,904.0399847234445,0,7,0,7.02468,88.31543057148029,7.95408,889.7096,8.86415090580011,764.16998,48,60,108,219,48,211,60,8,3.615,-4.56248,0,743.8627,0,3,2669.1288
Bruna Villamala,2026-08-23,READAPTACION,REHAB BRUNA,27.962333333333333,1894448.18,67750.00345703147,115350,146850,8,4125.192222871244,0,2,0,6.70096,90.1878869448183,7.43,179.72785,6.427498301286254,330.86,34,23,57,47,34,53,23,22,3.31866,-1.67774,0,445.908,0,3,539.18355
Gabriela García,2026-08-23,AP26,JORNADA 4 NECAXA,65.04866666666666,6816212.41,104786.3508860033,156800,140540.00000000003,19,2410.502905516895,0,11,0,6.9702,89.19698146624368,7.81439,606.26617,9.320193649882652,735.09001,50,58,108,164,50,178,58,11,4.11941,-4.16666,0,544.1121,0,3,1818.79851
Geyse Da Silva,2026-08-23,AP26,JORNADA 4 NECAXA,66.18083333333333,6058727.05,91548.06225367365,366770,254299.99999999997,34,5541.936864902981,0,18,0,8.44337,98.66942924287414,8.55723,524.59326,7.926664467305489,848.74998,60,68,128,152,60,152,68,21,4.05,-4.2539,0,489.99230000000006,0,3,1573.7797799999998
Giana Riley,2026-08-23,AP26,COMPENSATORIO J4 | JORNADA 4 NECAXA,39.285333333333334,3769121.0999999996,95942.19471219114,271159.99999999994,76430,5,6902.321477056746,0,11,0,7.18812,83.20883471375735,8.63865,354.51959,9.024222525794189,568.53,32,47,79,100,32,112,47,3,3.80952,-2.11405,0,303.1819,0,3,1063.55877
Irene Guerrero,2026-08-23,AP26,JORNADA 4 NECAXA,79.83316666666666,8550137.69,107100.0693947169,177060.01,108009.99999999999,9,2217.875319155155,0,10,0,7.14437,86.33544125590777,8.27513,788.3416199999999,9.87486345482976,1061.08002,66,94,160,255,66,258,94,5,3.64257,-4.47879,0,693.9548,0,3,2365.0248599999995
Isa Haas,2026-08-23,AP26,JORNADA 4 NECAXA,100.37166666666667,8777908.200000001,87454.04446806038,76470,37419.99999999999,7,761.8683891536456,0,7,0,6.90632,86.71183274155395,7.96468,692.23514,6.896718595885293,668.69,46,56,102,188,46,197,56,7,3.5203700000000002,-3.90205,0,683.0677000000001,0,3,2076.7054200000002
Jana Gutiérrez,2026-08-23,AP26,JORNADA 4 NECAXA,100.37166666666667,9459334.96,94243.0794879033,130880,87630,13,1303.9536389751424,0,12,0,6.91095,85.74379652605458,8.06,731.2920799999999,7.285841754811284,927.78,68,88,156,273,68,274,88,9,3.66191,-3.55375,0,754.7771,0,3,2193.8762399999996
Karina Rodríguez,2026-08-23,AP26,JORNADA 4 NECAXA,100.37166666666667,10115491.21,100780.34515052389,206589.99999999997,206600.00000000003,36,2058.2501702007535,0,16,0,6.97324,90.68380492143955,7.68962,822.84806,8.198011324576989,1081.98999,79,84,163,298,79,279,84,5,3.48446,-3.8367,0,812.2597000000001,0,3,2468.54418
Kim Rodríguez,2026-08-23,AP26,JORNADA 4 NECAXA,100.37166666666667,8946586.92,89134.58565664281,94900,118160,20,945.4859439084735,0,9,0,6.96826,91.9827024058757,7.57562,674.87182,6.72372834299188,584.0400099999999,57,56,113,203,57,192,56,15,3.52926,-4.09532,0,698.6181999999999,0,3,2024.61546
Nancy Antonio,2026-08-23,AP26,COMPENSATORIO J4,11.883333333333333,1656491.9400000002,139396.23618513325,169290,110030,7,14246.00280504909,0,5,0,8.21257,100.3646704706131,8.18273,118.82291,9.99912286115007,412.72,16,8,24,16,16,16,8,0,4.06994,-3.02648,0,127.47630000000001,0,3,356.46873
Priscila Da silva,2026-08-23,AP26,JORNADA 4 NECAXA,65.40233333333333,6941372.069999999,106133.40099996432,397799.99999999994,185919.99999999997,23,6082.351801923478,0,23,0,8.45356,100,8.45356,647.80503,9.904922301446941,1124.70002,58,63,121,165,58,170,63,5,3.95969,-3.92605,0,1606.466,0,3,1943.41509
Sarah Luebbert,2026-08-23,AP26,COMPENSATORIO J4 | JORNADA 4 NECAXA,48.4795,4705579.589999999,97063.28633752408,402580.00000000006,114550,10,8304.128549180583,0,19,0,8.51744,95.16224900675275,8.95044,491.61249,10.140626244082549,770.0199600000001,48,44,92,119,48,119,44,6,4.54333,-2.05436,0,380.9918,0,3,1474.83747
Scarlett Camberos,2026-08-23,AP26,JORNADA 4 NECAXA,79.62583333333333,7424837.890000001,93246.59572374963,431950,134900,18,5424.746993752028,0,28,0,8.23137,90.81017213551522,9.06437,638.82363,8.022818766941214,1041.2099899999998,80,81,161,213,80,189,81,14,4.07508,-5.2811,0,608.7179,0,3,1916.47089
Sofia Ramos,2026-08-23,AP26,COMPENSATORIO J4,11.883333333333333,1548474.98,130306.44992987378,123190,100180,6,10366.619915848527,0,3,0,8.39792,99.81066931309684,8.41385,125.09374,10.526822440392706,411.13,16,11,27,22,16,18,11,0,4.27683,-2.84675,0,120.2152,0,3,375.28121999999996
Xcaret Pineda,2026-08-23,AP26,COMPENSATORIO J4 | JORNADA 4 NECAXA,48.20366666666666,4712159.18,97755.2021630443,186490,186480,16,3868.7928304209227,0,8,0,7.27945,93.91166476162954,7.75138,400.55704000000003,8.309679899869305,514.72001,41,45,86,158,41,175,45,8,3.67356,-2.32259,0,379.11719999999997,0,3,1201.67112
Alondra Cabanillas,2026-08-25,AP26,SESIÓN 37,39.628166666666665,3662229.93,92414.82102376677,18850,21070,3,475.67176545302374,0,2,0,6.40645,84.24739589155126,7.60433,373.16681,9.416706383086105,429.8,52,47,99,172,52,166,47,4,3.53935,-2.35814,0,303.06850000000003,0,3,1119.50043
Aylin Aviléz,2026-08-25,AP26,SESIÓN 37,27.267166666666665,1972566.2,72342.17709944195,0,0,0,0,0,0,0,5.5123,69.30154084444712,7.95408,198.46927,7.278690610807871,111.51,11,11,22,64,11,63,11,1,3.193,-2.0861,0,156.2603,0,3,595.4078099999999
Bruna Villamala,2026-08-25,READAPTACION,REHAB BRUNA,29.209666666666667,2020839.1099999999,69183.91548459984,66420,86039.99999999999,9,2273.9047575574295,0,4,0,6.25963,84.24804845222073,7.43,202.73869000000002,6.940808065822958,235.14000000000001,30,11,41,47,30,41,11,14,2.89583,-2.36993,0,449.73,0,3,608.2160700000001
Gabriela García,2026-08-25,AP26,SESIÓN 37,27.267166666666665,2580292.91,94630.03404583047,12030,5730,1,441.1899537294549,0,1,0,6.03009,77.16648388421874,7.81439,277.26715,10.168535418054683,289.11,18,37,55,101,18,101,37,4,2.93085,-2.62382,0,210.5075,0,3,831.80145
Genesis Ayon,2026-08-25,AP26,SESIÓN 37,39.7185,3734579.9499999997,94026.20819013809,3940,0,0,99.19810667573046,0,1,0,6.03937,603.937,1,404.57471000000004,10.186052091594599,337.28,42,48,90,177,42,176,48,6,3.43549,-2.53607,0,874.54,0,3,1213.72413
Geyse Da Silva,2026-08-25,AP26,SESIÓN 37,27.267166666666665,1650213.17,60520.15562061821,0,0,0,0,0,0,0,5.68298,66.41144389013733,8.55723,149.27659,5.474591174978454,126.77,19,15,34,62,19,63,15,5,3.73518,-2.03909,0,135.3982,0,3,447.82977
Giana Riley,2026-08-25,AP26,SESIÓN 37,39.628166666666665,3417783.1999999997,86246.3113357923,3340,0,0,84.28348523146416,0,1,0,5.92977,68.64232258512615,8.63865,315.20972,7.954183766596992,290.84,27,47,74,140,27,141,47,7,3.38483,-2.49813,0,277.8587,0,3,945.62916
Irene Guerrero,2026-08-25,AP26,SESIÓN 37,27.267166666666665,2660592.8899999997,97574.96708495566,11980,5990,1,439.3562465235968,0,2,0,6.45184,77.96663013149036,8.27513,275.22914,10.093793145602465,245.98000000000002,18,31,49,120,18,128,31,2,3.01501,-2.46996,0,220.6491,0,3,825.68742
Isa Haas,2026-08-25,AP26,SESIÓN 37,27.267166666666665,2082601.0099999998,76377.60957928644,7359.999999999999,5090,1,269.92170070230986,0,1,0,6.38224,80.13178181672083,7.96468,210.48028,7.719184122540541,177.96,17,25,42,73,17,86,25,6,2.69534,-2.06718,0,168.4578,0,3,631.44084
Jana Gutiérrez,2026-08-25,AP26,SESIÓN 37,27.267166666666665,1629842.15,59773.065897324625,0,0,0,0,0,0,0,5.21757,64.73411910669975,8.06,151.85307,5.5690813738134395,98.94999999999999,17,23,40,72,17,70,23,0,3.64546,-2.33376,0,133.8778,0,3,455.55921
Karen Luna,2026-08-25,READAPTACION,REHAB LUNA,34.74083333333333,3456109.13,99482.6202595409,0,0,0,0,0,0,0,5.3446,69.13161860290646,7.73105,466.92286,13.44017443450311,135.67999999999998,4,2,6,82,4,75,2,16,2.99459,-1.91338,0,255.5693,0,3,1400.76858
Karina Rodríguez,2026-08-25,AP26,SESIÓN 37,27.267166666666665,1939346.25,71123.86386557705,0,0,0,0,0,0,0,5.58879,72.67966427469759,7.68962,161.71114,5.930617653710507,164.86,24,16,40,74,24,76,16,4,3.70157,-1.7050399999999999,0,157.7191,0,3,485.13342
Kim Rodríguez,2026-08-25,AP26,SESIÓN 37,39.628166666666665,2867508.15,72360.3535364156,8680,17890,3,219.03612329614037,0,1,0,6.1231,80.82638780720258,7.57562,327.76364,8.27097662016495,331.23,35,46,81,125,35,125,46,1,3.44715,-2.1989,0,244.1243,0,3,983.29092
Nancy Antonio,2026-08-25,AP26,SESIÓN 37,41.85166666666667,4191667.02,100155.31886424276,262360.01,215730,11,6268.8067380829125,0,7,0,7.99158,97.30912491461261,8.21257,310.36243,7.415772291027837,603.05,38,45,83,182,38,177,45,1,3.74028,-1.82103,0,345.1406,0,3,931.08729
Priscila Da silva,2026-08-25,AP26,SESIÓN 37,39.628166666666665,4061117.43,102480.57812414572,40420,33260,4,1019.981578759216,0,2,0,7.14613,84.53397148656899,8.45356,407.58363,10.285200257392681,435.1,36,46,82,151,36,153,46,5,3.35643,-3.29189,0,942.312,0,3,1222.75089
Sarah Luebbert,2026-08-25,AP26,SESIÓN 37,39.628166666666665,4261143.27,107528.1454689215,37080,11320,1,935.6980935277518,0,2,0,6.93253,77.45462792890628,8.95044,412.30155,10.404254970160114,464.65999999999997,51,53,104,192,51,172,53,11,3.48001,-2.36172,0,347.858,0,3,1236.90465
Scarlett Camberos,2026-08-25,AP26,SESIÓN 37,39.628166666666665,3473548.0399999996,87653.5134521321,63230.00000000001,0,0,1595.5822668219998,0,9,0,6.53819,72.13066103877048,9.06437,336.07384,8.48068099710223,478.99,63,54,117,157,63,152,54,53,4.26444,-2.45086,0,290.0317,0,3,1008.22152
Sofia Ramos,2026-08-25,AP26,SESIÓN 37,41.85166666666667,3605147.27,86141.06813746963,328780,253740.00000000003,19,7855.840070088806,0,12,0,8.13042,96.63138753364989,8.41385,345.91356,8.26522782844172,694.64001,52,64,116,144,52,153,64,7,4.17709,-2.74071,0,308.9037,0,3,1037.74068
Xcaret Pineda,2026-08-25,AP26,SESIÓN 37,39.628166666666665,4066226.42,102609.50132271239,23940,23940,4,604.1157594135485,0,3,0,6.26932,80.88004974598071,7.75138,355.1868,8.962988446769764,439.1,42,59,101,193,42,201,59,11,3.16459,-2.82738,0,337.65409999999997,0,3,1065.5604
Alondra Cabanillas,2026-08-26,AP26,SESIÓN 38,64.46366666666667,3752181.02,58206.13710048555,20220,22400,4,313.6650619728943,0,2,0,6.34949,83.49834896697014,7.60433,403.53818,6.259932158166616,371.29,53,61,114,165,53,152,61,9,3.91448,-2.08194,0,310.96659999999997,0,3,1210.61454
Aylin Aviléz,2026-08-26,AP26,SESIÓN 38,64.46366666666667,3470376.56,53834.613192961406,26590.000000000004,21790,5,412.48041532439464,0,2,0,6.90048,86.75396777502866,7.95408,399.08218,6.190807948663588,222.92000000000002,28,30,58,116,28,102,30,12,4.19732,-1.8739,0,279.6185,0,3,1197.24654
Bruna Villamala,2026-08-26,READAPTACION,REHAB BRUNA Y LUNA,29.942833333333333,2227400.8800000004,74388.447319058,80280,102900,11,2681.109002154105,0,4,0,7.45038,100.2742934051144,7.43,210.43859999999998,7.02801226782146,426.99998,33,8,41,46,33,38,8,5,3.328,-1.68869,0,505.938,0,3,631.3158
Gabriela García,2026-08-26,AP26,SESIÓN 38,64.46366666666667,3435680.3,53296.38349250999,16300,12320,3,252.8556137565864,0,2,0,6.39534,81.84055313338597,7.81439,409.04845,6.3454108515908185,243.92000000000002,33,25,58,116,33,108,25,15,3.6935,-2.12689,0,274.792,0,3,1227.14535
Genesis Ayon,2026-08-26,AP26,SESIÓN 38,64.46366666666667,4040235.1399999997,62674.60957335139,13640,0,0,211.59205960980603,0,1,0,6.76177,111.9615125418711,6.03937,488.79485,7.582485999865557,264.46001,35,36,71,182,35,175,36,11,3.99238,-0.63147,0,935.266,0,3,1466.38455
Geyse Da Silva,2026-08-26,AP26,SESIÓN 38,64.46366666666667,3213308.8400000003,49846.820793108265,30420,6750,1,471.893728250022,0,3,0,6.75111,78.89363731020434,8.55723,282.26847,4.378721915704453,298.94,37,36,73,118,37,106,36,7,3.7892,-2.07068,0,262.0779,0,3,846.8054099999999
Giana Riley,2026-08-26,AP26,SESIÓN 38,64.46366666666667,4037938.44,62638.98175199466,23290,8450,1,361.2887879994415,0,2,0,6.82289,78.98097503660873,8.63865,375.26352,5.82131826196669,328.64,44,58,102,167,44,156,58,10,4.32501,-2.23053,0,331.0104,0,3,1125.7905600000001
Irene Guerrero,2026-08-26,AP26,SESIÓN 38,64.46366666666667,3831196.35,59431.87144179409,25669.999999999996,14809.999999999998,2,398.20881013077127,0,3,0,6.67941,80.7166775627694,8.27513,559.14115,8.67374102207445,372.50001,57,50,107,179,57,180,50,20,3.93162,-1.86913,0,319.3757,0,3,1677.4234500000002
Isa Haas,2026-08-26,AP26,SESIÓN 38,64.46366666666667,3324195.37,51566.960768598336,40610,29000,5,629.9672683837407,0,4,0,6.74905,84.73723991422129,7.96468,325.96639,5.05659089616373,334.7,40,33,73,110,40,120,33,9,4.07426,-2.31961,0,267.0976,0,3,977.8991699999999
Jana Gutiérrez,2026-08-26,AP26,SESIÓN 38,64.46366666666667,3688601.38,57219.85066523261,11850,1740,0,183.8244799396042,0,2,0,6.01005,74.56637717121588,8.06,340.29242999999997,5.278825229715963,341.43998999999997,52,58,110,154,52,148,58,10,3.66389,-1.75115,0,305.7593,0,3,1020.8772899999999
Karen Luna,2026-08-26,READAPTACION,REHAB BRUNA Y LUNA,25.795833333333334,2015056.21,78115.56943950897,114910,114920,13,4454.59538039089,0,8,0,7.85357,101.58477826427202,7.73105,248.29638,9.625445194637376,348.95,25,13,38,44,25,38,13,4,3.71184,-1.82944,0,161.1211,0,3,744.88914
Karina Rodríguez,2026-08-26,AP26,SESIÓN 38,64.46366666666667,3869417.51,60024.781556535716,9110,9110,2,141.31991664555227,0,2,0,6.02769,78.38735854307495,7.68962,306.50818,4.754743188669586,304.24,49,36,85,155,49,136,36,11,3.79078,-2.31092,0,313.1772,0,3,919.5245399999999
Kim Rodríguez,2026-08-26,AP26,SESIÓN 38,64.46366666666667,3091493.13,47957.14066321597,9650,11260,3,149.6967283896355,0,2,0,6.24102,82.38296007455496,7.57562,410.16225,6.362688801443706,248.23,40,37,77,125,40,127,37,5,3.82183,-2.02901,0,254.6306,0,3,1230.48675
Nancy Antonio,2026-08-26,AP26,SESIÓN 38,64.46366666666667,3286823.2800000003,50987.22194931512,23580.000000000004,13740,3,365.7874461583011,0,2,0,6.92247,84.29115368270834,8.21257,271.16938,4.206546012999571,309.34999999999997,40,38,78,123,40,124,38,2,3.6551,-1.88154,0,271.2542,0,3,813.5081399999999
Priscila Da silva,2026-08-26,AP26,SESIÓN 38,64.46366666666667,4112600.5100000002,63797.18564979756,29700.000000000004,21580.000000000004,4,460.7246459245777,0,2,0,7.29938,86.34681719890793,8.45356,450.41096999999996,6.987051672518369,488.70999,66,64,130,166,66,158,64,10,4.49455,-2.0557,0,981.602,0,3,1351.23291
Sarah Luebbert,2026-08-26,AP26,SESIÓN 38,64.46366666666667,4313244.73,66909.70205438723,30500,3160,0,473.1347373972936,0,3,0,6.79126,75.8762697699778,8.95044,431.87444,6.699501631409941,453.11999,61,65,126,178,61,165,65,15,4.04128,-1.75215,0,357.7112,0,3,1295.62332
Scarlett Camberos,2026-08-26,AP26,SESIÓN 38,64.46366666666667,3618534.06,56132.92335217254,14750,1420,0,228.81106152819933,0,2,0,7.01729,77.41619108663922,9.06437,342.44566000000003,5.3122274562932095,358.81,67,67,134,162,67,168,67,64,4.55906,-0.91445,0,293.0438,0,3,1027.33698
Sofia Ramos,2026-08-26,AP26,SESIÓN 38,64.46366666666667,2983198.9,46277.2140378818,25530,15500,2,396.03704412304603,0,2,0,6.6211,78.69286949493988,8.41385,244.66051,3.7953241360766525,366.82,51,48,99,117,51,111,48,8,4.31048,-2.10649,0,249.24620000000002,0,3,733.98153
Xcaret Pineda,2026-08-26,AP26,SESIÓN 38,64.46366666666667,3912413.97,60691.76905853944,20590,20590,5,319.4047292790254,0,2,0,6.75586,87.15686755132634,7.75138,388.3817,6.024815529161129,361.31,52,52,104,167,52,153,52,18,3.94667,-2.20944,0,321.7858,0,3,1165.1451000000002
Alondra Cabanillas,2026-08-27,AP26,SESIÓN 39,64.17983333333333,4682020.78,72951.58832343493,37200,51580,9,579.6213244555013,0,7,0,6.56133,86.28413022580555,7.60433,469.51025,7.315541745979396,782.29999,91,76,167,195,91,170,76,4,3.8812,-2.10964,0,394.408,0,3,1408.53075
Aylin Aviléz,2026-08-27,AP26,SESIÓN 39,66.479,4995190.08,75139.36852239053,34330,26380.000000000004,6,516.4036763489222,0,3,0,7.20451,90.57628286363727,7.95408,501.4584,7.543109854239685,625.80001,80,53,133,167,80,168,53,4,3.84586,-1.99898,0,410.99590000000006,0,3,1504.3752
Bruna Villamala,2026-08-27,READAPTACION,REHAB BRUNA Y LUNA,25.340833333333332,1400754.03,55276.55746653952,0,0,0,0,0,0,0,5.23798,70.49771197846569,7.43,142.49354,5.62308027228781,82.25999999999999,17,17,34,26,17,23,17,8,3.1424,-3.20412,0,309.344,0,3,427.48062
Gabriela García,2026-08-27,AP26,SESIÓN 39,64.17983333333333,5023744.58,78276.0614834878,5109.999999999999,470,0,79.62002602063471,0,0,0,5.89959,75.49648788964973,7.81439,505.50789000000003,7.876428836680266,583.55,52,40,92,159,52,153,40,8,3.86928,-2.103,0,402.66450000000003,0,3,1516.52367
Genesis Ayon,2026-08-27,AP26,SESIÓN 39,64.22916666666667,5401966.15,84104.56542328901,65899.99999999999,0,0,1026.0136230943883,0,9,0,6.47421,100,6.47421,536.51658,8.353161154719428,793.52001,66,82,148,210,66,199,82,6,3.24994,-2.83693,0,1273.976,0,3,1609.54974
Geyse Da Silva,2026-08-27,AP26,SESIÓN 39,64.17983333333333,4596111.42,71613.01582272728,167850,92110,14,2615.30750832946,0,12,0,7.75959,90.67875936488792,8.55723,418.06595,6.513976872278156,666.82999,60,56,116,151,60,141,56,9,3.95192,-2.69646,0,378.9744,0,3,1254.19785
Giana Riley,2026-08-27,AP26,SESIÓN 39,64.17983333333333,4516337.1,70370.03472014832,25550,0,0,398.1001301031736,0,3,0,6.32981,73.27313874274337,8.63865,415.00119,6.46622417737659,590.21001,66,61,127,166,66,155,61,10,3.64605,-2.07443,0,373.058,0,3,1245.00357
Irene Guerrero,2026-08-27,AP26,SESIÓN 39,64.17983333333333,5132472.470000001,79970.17448367739,14820,6590,1,230.91365667824005,0,1,0,6.482,78.33109570484088,8.27513,485.97551,7.572090558041337,711.04999,68,65,133,179,68,177,65,5,3.5696,-2.86665,0,426.48969999999997,0,3,1457.92653
Isa Haas,2026-08-27,AP26,SESIÓN 39,64.17983333333333,4226192.14,65849.22273092014,4520,0,0,70.42710716502327,0,1,0,5.99224,75.23516324572988,7.96468,410.9029,6.402367825822753,330.56,39,26,65,118,39,114,26,6,3.51708,-2.29713,0,333.3771,0,3,1232.7087
Jana Gutiérrez,2026-08-27,AP26,SESIÓN 39,66.479,4609917.37,69343.96380811986,101440.00000000001,81369.99999999999,12,1525.8953955384409,0,6,0,7.31452,90.75086848635236,8.06,416.30187,6.262156019194031,802.89999,78,86,164,180,78,170,86,11,3.71592,-2.37559,0,393.0353,0,3,1248.90561
Karen Luna,2026-08-27,READAPTACION,REHAB BRUNA Y LUNA,25.475166666666667,1446136.2299999997,56766.507121314215,0,0,0,0,0,0,0,5.13604,66.43392553404777,7.73105,205.38,8.061968845476967,99.55,18,18,36,37,18,33,18,5,3.2484,-3.15057,0,112.0777,0,3,616.14
Karina Rodríguez,2026-08-27,AP26,SESIÓN 39,64.17983333333333,4793516.49,74688.82733153457,49580.00000000001,49580,7,772.5168082393484,0,3,0,6.77229,88.07054184732146,7.68962,471.81158,7.3513992713183525,585.88,50,44,94,160,50,149,44,11,3.62144,-2.25913,0,391.5002,0,3,1415.43474
Kim Rodríguez,2026-08-27,AP26,SESIÓN 39,64.17983333333333,3669285.9699999997,57171.94606820938,18970,26640,6,295.575713035507,0,3,0,6.59777,87.09214559336398,7.57562,446.52977999999996,6.957478023989882,414.48,42,34,76,112,42,120,34,11,3.6192,-1.78609,0,302.6835,0,3,1339.58934
Nancy Antonio,2026-08-27,AP26,SESIÓN 39,66.479,5261638.6899999995,79147.3802253343,25580.000000000004,12740,2,384.7831646083726,0,2,0,6.69346,81.5026234175173,8.21257,387.25766,5.825263015388318,887.3,88,85,173,209,88,205,85,3,3.57795,-2.42303,0,443.5634,0,3,1161.77298
Priscila Da silva,2026-08-27,AP26,SESIÓN 39,64.17983333333333,4932444.55,76853.49577619137,141210,43790,8,2200.223850171004,0,16,0,7.23693,85.60807517779492,8.45356,440.87528000000003,6.869374024550807,709.28,66,57,123,139,66,136,57,9,4.46539,-2.5961,0,1159.778,0,3,1322.6258400000002
Scarlett Camberos,2026-08-27,AP26,SESIÓN 39,64.17983333333333,4465873.91,69583.75673563087,88010,9610,2,1371.3030313260397,0,10,0,7.23192,79.78403352908144,9.06437,401.8479,6.261279893216716,742.78998,92,78,170,169,92,164,78,47,3.98922,-2.43051,0,374.0856,0,3,1205.5437
Sofia Ramos,2026-08-27,AP26,SESIÓN 39,64.17983333333333,4191629.1199999996,65310.68876775933,145359.99999999997,72479.99999999999,12,2264.8859065282704,0,10,0,7.62666,90.6441165459332,8.41385,348.97519,5.4374586513416725,756.20001,69,72,141,156,69,153,72,11,3.9649200000000002,-2.93291,0,358.7115,0,3,1046.9255699999999
Xcaret Pineda,2026-08-27,AP26,SESIÓN 39,64.17983333333333,5284870.32,82344.71866811745,88679.99999999999,88679.99999999999,11,1381.742447653598,0,10,0,6.19872,79.96924418619652,7.75138,445.78508,6.9458746906478925,706.15,69,71,140,203,69,193,71,17,3.53621,-2.05968,0,438.9455,0,3,1337.3552399999999
